id,taxonName
Q71516,Camelus dromedarius
Q132922,Camelus bactrianus
Q3030198,Camelus ferus
Q456206,Trichechus inunguis
Q387297,Trichechus senegalensis
Q1830297,Saccopteryx leptura
Q1548367,Saccopteryx bilineata
Q31255,Eidolon dupreanum
Q1831311,Saccopteryx canescens
Q33108,Eidolon helvum
Q40261,Trichechus manatus
Q7607250,Trichechus hydropithecus
Q302658,Epomophorus labiatus
Q1833377,Myopterus daubentonii
Q135384,Balantiopteryx plicata
Q1762670,Epomophorus minor
Q304118,Epomophorus gambianus
Q1464571,Epomophorus wahlbergi
Q1762005,Epomophorus crypturus
Q1831414,Myopterus whitleyi
Q1763401,Epomophorus angolensis
Q1832181,Balantiopteryx io
Q10585817,Miniopterus schreibersi
Q614611,Miniopterus manavi
Q2169517,Miniopterus australis
Q833653,Miniopterus schreibersii
Q2047785,Miniopterus natalensis
Q2035122,Miniopterus fuliginosus
Q2117591,Miniopterus inflatus
Q9033424,Miniopterus macrocneme
Q1768584,Scotonycteris ophiodon
Q608652,Dendrohyrax arboreus
Q742828,Dendrohyrax dorsalis
Q1762027,Nyctimene albiventer
Q1769821,Nyctimene robinsoni
Q1832731,Cheiromeles torquatus
Q662459,Nyctimene aello
Q1762676,Scotonycteris zenkeri
Q1764280,Nyctimene cephalotes
Q301659,Centronycteris maximiliani
Q1761417,Nyctimene major
Q46212,Orycteropus afer
Q40426386,Dendrohyrax validus
Q938385,Tragulus javanicus
Q1768947,Ptenochirus jagori
Q1763583,Syconycteris australis
Q1832816,Saccolaimus saccolaimus
Q2098372,Tragulus nigricans
Q301834,Acerodon celebensis
Q243975,Macroglossus minimus
Q2927943,Natalus lanatus
Q586092,Tragulus napu
Q1834574,Natalus stramineus
Q1830379,Saccolaimus peli
Q301200,Acerodon mackloti
Q775576,Acerodon jubatus
Q2031149,Macroglossus sobrinus
Q2474147,Natalus mexicanus
Q1059263,Tragulus kanchil
Q301265,Harpyionycteris whiteheadi
Q1824549,Saccolaimus flaviventris
Q1767154,Megaerops ecaudatus
Q1829410,Natalus tumidirostris
Q1831125,Centronycteris centralis
Q305728,Epomops buettikoferi
Q426636,Pteropus conspicillatus
Q558431,Pteropus tuberculatus
Q558864,Pteropus samoensis
Q948761,Moschiola meminna
Q1832439,Pteronotus parnellii
Q754983,Rousettus aegyptiacus
Q551930,Pteropus poliocephalus
Q285810,Pteropus giganteus
Q135144,Pteropus aruensis
Q745958,Rousettus madagascariensis
Q279207,Rousettus lanosus
Q557468,Pteropus pselaphon
Q303030,Epomops franqueti
Q559965,Pteropus scapulatus
Q247220,Moschiola indica
Q510172,Pteropus pelewensis
Q943910,Moschiola kathygre
Q551900,Pteropus insularis
Q305674,Epomops dobsoni
Q576724,Styloctenium wallacei
Q558840,Pteropus anetianus
Q18929,Pteropus rufus
Q18928,Pteropus seychellensis
Q558908,Pteropus vetulus
Q59951743,Pteronotus rubiginosus
Q59603956,Pteronotus mesoamericanus
Q244135,Artibeus phaeotis
Q308262,Artibeus gnomus
Q139381,Artibeus toltecus
Q308293,Artibeus glaucus
Q15343,Ornithorhynchus anatinus
Q209750,Notoryctes typhlops
Q1764191,Hipposideros diadema
Q1769935,Hipposideros pratti
Q308486,Hipposideros durgadasi
Q309022,Hipposideros lankadiva
Q763535,Nycteris grandis
Q1760894,Hipposideros muscinus
Q1766387,Hipposideros larvatus
Q1768795,Hipposideros hypophyllus
Q1769904,Hipposideros ruber
Q288108,Hipposideros ater
Q1340212,Cynopterus sphinx
Q309020,Hipposideros fulvus
Q1769286,Hipposideros papua
Q194385,Cryptonanus agricolai
Q305213,Asellia tridens
Q306340,Hipposideros turpis
Q308449,Hipposideros speoris
Q754041,Solenodon paradoxus
Q1763454,Hipposideros ridleyi
Q1765650,Hipposideros crumeniferus
Q576412,Nycteris macrotis
Q1761748,Hipposideros pomona
Q287967,Hipposideros cineraceus
Q307687,Hipposideros bicolor
Q308499,Hipposideros fuliginosus
Q309010,Hipposideros galeritus
Q5494736,Thylacinus megiriani
Q753900,Solenodon cubanus
Q307787,Hipposideros armiger
Q309342,Hipposideros cyclops
Q960757,Nycteris woodi
Q1760873,Hipposideros beatus
Q1762185,Hipposideros macrobullatus
Q1767222,Hipposideros dyacorum
Q21856651,Thylacinus yorkellus
Q371667,Macrotis lagotis
Q1832774,Tadarida australis
Q913930,Tadarida brasiliensis
Q172886,Lama guanicoe
Q1422628,Rhynchocyon petersi
Q540069,Tadarida teniotis
Q974052,Rhynchocyon cirnei
Q2437062,Tadarida insignis
Q1122641,Rhynchocyon udzungwensis
Q1833208,Tadarida aegyptiaca
Q301769,Dobsonia peronii
Q1333257,Rhynchocyon chrysopygus
Q531915,Macrotis leucura
Q1830830,Tadarida latouchei
Q42569,Lama glama
Q301753,Dobsonia moluccensis
Q1829563,Tadarida ventralis
Q37816398,Rhynchocyon stuhlmanni
Q48855618,Eumops nanus
Q576022,Pteropus admiralitatum
Q630368,Pteropus ocularis
Q1761482,Elephantulus rupestris
Q1761511,Pteropus chrysoproctus
Q1766172,Pteropus ualanus
Q583116,Pteropus hypomelanus
Q149317,Chaerephon pumilus
Q635120,Pteropus lylei
Q998343,Pteropus alecto
Q649684,Pteropus vampyrus
Q1065128,Pteropus lombocensis
Q1765475,Pteropus niger
Q1764849,Pteropus voeltzkowi
Q194426,Caenolestes fuliginosus
Q663157,Pteropus yapensis
Q959355,Elephantulus fuscus
Q1765832,Pteropus mariannus
Q1766941,Pteropus tonganus
Q575969,Pteropus dasymallus
Q1770363,Pteropus aldabrensis
Q194365,Caenolestes caniventer
Q1769798,Pteropus personatus
Q1763843,Pteropus capistratus
Q1768580,Pteropus macrotis
Q1768832,Pteropus temminckii
Q194409,Caenolestes convelatus
Q1049623,Pteropus livingstonii
Q1761368,Pteropus caniceps
Q1761644,Pteropus melanotus
Q1766189,Pteropus neohibernicus
Q892197,Molossus currentium
Q1091763,Pteropus rodricensis
Q574292,Pteropus woodfordi
Q579367,Elephantulus intufi
Q959173,Pteropus leucopterus
Q1767035,Pteropus molossinus
Q1947353,Pteropus melanopogon
Q1767042,Pteropus griseus
Q135140,Molossus sinaloae
Q2129846,Pteropus phaeocephalus
Q581709,Elephantulus rufescens
Q643527,Elephantulus edwardii
Q1764178,Elephantulus revoili
Q971953,Eonycteris spelaea
Q741516,Pecari tajacu
Q1058516,Catagonus wagneri
Q635949,Zaglossus bruijnii
Q307762,Aselliscus stoliczkanus
Q661153,Pteronotus personatus
Q757942,Zaglossus attenboroughi
Q809557,Zaglossus bartoni
Q1766290,Coelops frithii
Q1830890,Rhinopoma microphyllum
Q308774,Aselliscus tricuspidatus
Q785067,Mormoops megalophylla
Q41167255,Pliohyrax graecus
Q593221,Mormoops blainvillei
Q1829849,Rhinopoma muscatellum
Q1830962,Rhinopoma hardwickii
Q1763830,Lissonycteris angolensis
Q1830740,Nyctinomops aurispinosus
Q1831098,Otomops martiensseni
Q1832615,Nyctinomops macrotis
Q1833167,Otomops wroughtoni
Q323847,Procavia capensis
Q81564,Vicugna pacos
Q135132,Coleura afra
Q720525,Pteralopex anceps
Q1762334,Penthetor lucasi
Q1833468,Promops nasutus
Q167797,Vicugna vicugna
Q1829517,Chilonatalus micropus
Q1834052,Mormopterus minutus
Q18419330,Mormopterus petersi
Q1829340,Promops centralis
Q430645,Mirimiri acrodonta
Q720567,Pteralopex atrata
Q1830874,Coleura seychellensis
Q1831449,Mormopterus kalinowskii
Q5184707,Candiacervus cretensis
Q9035195,Mormopterus eleryi
Q1831521,Nyctinomops laticaudatus
Q1831478,Mormopterus jugularis
Q741241,Mormopterus acetabulosus
Q1832705,Nyctinomops femorosaccus
Q674905,Myzopoda aurita
Q1829472,Mormopterus norfolkensis
Q1832667,Mormopterus beccarii
Q1830496,Chaerephon major
Q1832679,Molossus aztecus
Q1832845,Chaerephon nigeriae
Q1768481,Elephantulus myurus
Q1832759,Molossus molossus
Q1829740,Chaerephon ansorgei
Q2406428,Chaerephon plicatus
Q1767975,Elephantulus brachyrhynchus
Q1770513,Elephantulus rozeti
Q1829698,Chaerephon bivittatus
Q1830904,Chaerephon chapini
Q1830633,Molossus rufus
Q19277009,Caenolestes sangay
Q1818282,Chaerephon johorensis
Q122750642,Pteropus rostratus
Q122750930,Pteropus javanicus
Q123110636,Pteropus medius
Q2483311,Elephantulus pilicaudus
Q304912,Hypsignathus monstrosus
Q370965,Craseonycteris thonglongyai
Q301117,Haplonycteris fischeri
Q186942,Heterohyrax brucei
Q134342,Balionycteris maculata
Q301489,Latidens salimalii
Q1130566,Macroscelides proboscideus
Q28154683,Dermanura watsoni
Q301045,Chaeropus ecaudatus
Q3906676,Pleuraspidotherium aumonieri
Q17311242,Macroscelides flavicaudatus
Q28154659,Dermanura glauca
Q28154668,Dermanura gnoma
Q28154679,Dermanura tolteca
Q301123,Chironax melanocephalus
Q17281339,Macroscelides micus
Q28154655,Dermanura cinerea
Q30693211,Mylohyus nasutus
Q428359,Artibeus cinereus
Q62696781,Chaeropus yirratji
Q28154671,Dermanura phaeotis
Q301967,Eumops glaucinus
Q1764823,Cynopterus minutus
Q2165812,Hipposideros cervinus
Q2595749,Hipposideros commersoni
Q2735517,Hipposideros caffer
Q1770782,Cynopterus brachyotis
Q1833233,Hipposideros vittatus
Q1830648,Nycteris thebaica
Q1831239,Nycteris arge
Q1831565,Eumops trumbulli
Q5768601,Hipposideros besaoka
Q1066491,Mystacina robusta
Q1833685,Nycteris hispida
Q1764815,Cynopterus titthaecheilus
Q1829712,Nycteris javanica
Q2095120,Hipposideros gigas
Q5409636,Eumops floridanus
Q955340,Mystacina tuberculata
Q1831222,Nycteris major
Q25693635,Hipposideros pendleburyi
Q301308,Eumops perotis
Q301982,Eumops bonariensis
Q302070,Eumops auripendulus
Q1835301,Nycteris tragata
Q11844127,Hipposideros schistaceus
Q27431474,Perimyotis subflavus
Q26196909,Nyctinomus mohavensis
Q122750970,Nyctinomus tenuis
Q26196903,Nyctinomus femorosaccus
Q28154994,Austronomus australis
Q21377485,Vampyriscus nymphaea
Q301239,Lavia frons
Q930150,Petrodromus tetradactylus
Q193182,Tachyglossus aculeatus
Q301371,Macroderma gigas
Q756073,Tayassu pecari
Q272293,Pantholops hodgsonii
Q605774,Rhynchonycteris naso
Q301294,Cardioderma cor
Q348873,Xeronycteris vieirai
Q242419,Myrmecobius fasciatus
Q1832393,Mosia nigrescens
Q1343993,Lestoros inca
Q1764306,Sphaerias blanfordi
Q256572,Hyemoschus aquaticus
Q1762807,Neopteryx frosti
Q1770236,Megaloglossus woermanni
Q276096,Nyctiellus lepidus
Q301592,Anthops ornatus
Q1769145,Nanonycteris veldkampii
Q301278,Furipterus horrens
Q301499,Amorphochilus schnablii
Q9082084,Tayassu albirostris
Q116215266,Macronycteris vittatus
Q116215062,Macronycteris commersoni
Q116222386,Doryrhina cyclops
Q116215167,Macronycteris gigas
Q61625209,Micronomus norfolkensis
Q98556700,Galegeeska revoilii
Q61650441,Setirostris eleryi
Q622878,Bubalus mindorensis
Q317393,Bubalus depressicornis
Q29350771,Ovis aries
Q24170152,Ovis gmelini
Q24145539,Ovis musimon
Q42710,Bubalus bubalis
Q306471,Anoura luismanueli
Q83592,Anoura geoffroyi
Q17623032,Bubalus antiquus
Q1914208,Bubalus arnee
Q769957,Bubalus quarlesi
Q139386,Anoura caudifer
Q760581,Anoura fistulata
Q81091,Bison bonasus
Q189466,Ovis canadensis
Q328809,Connochaetes taurinus
Q82728,Bison bison
Q186267,Ovis ammon
Q4194498,Bison bison Ã— Bison bonasus
Q378080,Ovis orientalis
Q576112,Ovis dalli
Q373465,Connochaetes gnou
Q839513,Ovis vignei
Q918400,Ovis nivicola
Q647798,Kerivoula picta
Q587667,Chalinolobus tuberculatus
Q136051,Chalinolobus gouldii
Q303750,Kerivoula lanosa
Q304292,Kerivoula pellucida
Q649709,Kerivoula whiteheadi
Q303666,Congosorex polli
Q305052,Chalinolobus morio
Q305087,Chalinolobus dwyeri
Q301862,Kerivoula hardwickii
Q304268,Kerivoula papillosa
Q302783,Kerivoula intermedia
Q302803,Kerivoula cuprosa
Q1764655,Sylvisorex oriundus
Q1833011,Lonchorhina aurita
Q168327,Capra ibex
Q178228,Capra aegagrus
Q142715,Bradypus tridactylus
Q148752,Bradypus variegatus
Q187927,Capra falconeri
Q244121,Bradypus pygmaeus
Q328516,Capra nubiana
Q754947,Capra sibirica
Q752141,Capra caucasica
Q549108,Capra pyrenaica
Q3767652,Megalocnus rodens
Q854788,Capra cylindricornis
Q301051,Bradypus torquatus
Q257838,Capra walie
Q40326230,Bradypus sp.
Q40326048,Bradypus crinitus
Q622880,Alcelaphus buselaphus
Q1042139,Chaetophractus villosus
Q1761878,Chaetophractus nationi
Q99937593,Laephotis capensis
Q940471,Chaetophractus vellerosus
Q1136256,Alcelaphus lichtensteinii
Q34505,Hippopotamus amphibius
Q301565,Atelerix sclateri
Q599519,Myotis brandtii
Q134354,Myotis keaysi
Q723123,Myotis nattereri
Q912118,Myotis capaccinii
Q746127,Myotis lucifugus
Q139417,Myotis septentrionalis
Q840762,Atelerix algirus
Q723413,Myotis myotis
Q836231,Myotis blythii
Q478631,Pipistrellus subflavus
Q281343,Myotis sodalis
Q617765,Myotis keenii
Q1830512,Myotis adversus
Q508013,Myotis mystacinus
Q504488,Myotis daubentonii
Q836725,Atelerix albiventris
Q137611,Myotis albescens
Q139375,Myotis nigricans
Q495156,Myotis formosus
Q283403,Myotis emarginatus
Q1065510,Myotis alcathoe
Q1416175,Atelerix frontalis
Q1829371,Myotis punicus
Q1829574,Myotis austroriparius
Q1830703,Myotis muricola
Q756687,Myotis bechsteinii
Q1830718,Myotis macrodactylus
Q737766,Myotis dasycneme
Q475449,Lasiorhinus latifrons
Q1134186,Lasiorhinus krefftii
Q36101,Phascolarctos cinereus
Q308111,Artibeus fraterculus
Q1765199,Myosorex schalleri
Q1768511,Myosorex varius
Q794037,Nyctalus azoreum
Q1829302,Thyroptera tricolor
Q214846,Nyctalus noctula
Q306460,Artibeus lituratus
Q301175,Artibeus jamaicensis
Q839675,Tamandua mexicana
Q308267,Artibeus planirostris
Q139432,Artibeus obscurus
Q756108,Nyctalus lasiopterus
Q306032,Artibeus hirsutus
Q287105,Nyctalus leisleri
Q1074147,Nyctalus plancyi
Q308092,Artibeus fimbriatus
Q1761313,Myosorex blarina
Q267514,Tamandua tetradactyla
Q306009,Artibeus inopinatus
Q658691,Thyroptera discifera
Q6145,Erinaceus europaeus
Q139436,Artibeus concolor
Q237267,Kobus kob
Q748436,Erinaceus concolor
Q903548,Erinaceus roumanicus
Q623434,Kobus ellipsiprymnus
Q746580,Hippotragus leucophaeus
Q1052814,Choloepus hoffmanni
Q273565,Kobus leche
Q5035189,Kobus venterae
Q471785,Hippotragus equinus
Q608656,Kobus megaceros
Q273577,Kobus vardonii
Q752691,Choloepus didactylus
Q1070063,Erinaceus amurensis
Q239381,Hippotragus niger
Q122266214,Erinaceus malaccensis
Q122761666,Erinaceus collaris
Q63246329,Kobus leucotis
Q122871038,Vespertilio carolinensis
Q122871206,Vespertilio borbonicus
Q122871368,Vespertilio maximus
Q194432,Gracilinanus agilis
Q255576,Tragelaphus buxtoni
Q328803,Tragelaphus scriptus
Q622882,Tragelaphus imberbis
Q755744,Cephalophus silvicultor
Q909018,Cephalophus spadix
Q925118,Cephalophus nigrifrons
Q925139,Cephalophus adersi
Q194663,Didelphis marsupialis
Q139487,Tragelaphus strepsiceros
Q194685,Didelphis albiventris
Q234597,Tragelaphus spekii
Q193400,Tragelaphus eurycerus
Q1419896,Cephalophus crusalbum
Q239032,Tragelaphus angasii
Q21309310,Cephalophus maxwellii
Q541521,Cephalophus natalensis
Q925068,Cephalophus ogilbyi
Q169446,Cephalophus zebra
Q384617,Cephalophus rufilatus
Q948588,Cephalophus harveyi
Q194850,Gracilinanus microtarsus
Q373624,Cephalophus callipygus
Q843594,Cephalophus dorsalis
Q909034,Cephalophus jentinki
Q997427,Cephalophus leucogaster
Q304392,Erophylla sezekorni
Q841209,Cephalophus rubidus
Q6453728,Tragelaphus sylvaticus
Q518057,Cephalophus weynsi
Q786305,Cephalophus niger
Q307296,Histiotus velatus
Q1832457,Myotis auriculus
Q1832790,Myotis montivagus
Q2206910,Myotis vivesi
Q2232527,Myotis welwitschii
Q183035,Bos javanicus
Q174296,Bos gaurus
Q1839640,Myotis velifer
Q1832366,Myotis leibii
Q1834518,Myotis grisescens
Q2783421,Myotis thysanodes
Q2810848,Myotis yumanensis
Q321255,Bos sauveli
Q1833423,Myotis californicus
Q1822785,Histiotus laephotis
Q1833557,Myotis horsfieldii
Q2753100,Myotis volans
Q19610691,Bos taurus
Q1832955,Myotis levis
Q13408062,Bos grunniens
Q1830933,Myotis evotis
Q2895581,Myotis ruber
Q1830919,Myotis chiloensis
Q1831652,Myotis frater
Q1833436,Myotis bocagii
Q3869104,Myotis macropus
Q20721930,Myotis rufoniger
Q307013,Histiotus macrotus
Q1834144,Myotis anjouanensis
Q1833362,Myotis ciliolabrum
Q3927217,Myotis dinellii
Q307359,Histiotus montanus
Q6948057,Myotis flavus
Q45079,Bos frontalis
Q17485243,Myotis midastactus
Q1823243,Histiotus magellanicus
Q19515570,Myotis secundus
Q26547,Bos mutus
Q1762922,Crocidura olivieri
Q305978,Crocidura shantungensis
Q626921,Crocidura leucodon
Q827270,Crocidura suaveolens
Q305434,Crocidura beatus
Q306884,Crocidura fumosa
Q305606,Crocidura religiosa
Q1762322,Crocidura hirta
Q1761935,Crocidura tanakae
Q306539,Crocidura thomensis
Q1763190,Crocidura sicula
Q305562,Crocidura crenata
Q1761911,Crocidura nigripes
Q305254,Crocidura canariensis
Q572732,Crocidura russula
Q1762868,Crocidura denti
Q1768655,Crocidura lasiura
Q1768324,Crocidura dsinezumi
Q1769774,Crocidura cyanea
Q1763896,Crocidura monticola
Q1765624,Crocidura vorax
Q1769304,Crocidura jacksoni
Q3594363,Crocidura attenuata
Q1765793,Crocidura pachyura
Q1764641,Crocidura wuchihensis
Q16752143,Crocidura sapaensis
Q1765945,Crocidura flavescens
Q1939325,Crocidura indochinensis
Q19829062,Crocidura ichnusae
Q257774,Paraechinus aethiopicus
Q369889,Suncus etruscus
Q1062541,Suncus murinus
Q237286,Oryx leucoryx
Q194229,Echymipera kalubu
Q369817,Oryx dammah
Q792143,Oryx beisa
Q849002,Paraechinus hypomelas
Q306394,Glischropus tylopus
Q1768012,Suncus lixus
Q1770538,Paraechinus nudiventris
Q207043,Oryx gazella
Q1830467,Nyctophilus arnhemensis
Q1770532,Paraechinus micropus
Q305426,Phoniscus aerosa
Q1832323,Nycticeius humeralis
Q1761290,Suncus aequatorius
Q41085808,Oryx callotis
Q194264,Isoodon auratus
Q195033,Microperoryctes longicauda
Q194472,Monodelphis domestica
Q842374,Naemorhedus caudatus
Q194930,Marmosops incanus
Q194151,Isoodon obesulus
Q194867,Monodelphis dimidiata
Q194412,Marmosops noctivagus
Q194410,Thylamys elegans
Q194985,Thylamys karimii
Q209609,Potorous platyops
Q137600,Glossophaga commissarisi
Q210073,Potorous gilbertii
Q494436,Naemorhedus goral
Q195597,Marmosops parvidens
Q913733,Naemorhedus baileyi
Q275608,Potorous tridactylus
Q194272,Isoodon macrourus
Q1074195,Naemorhedus griseus
Q194458,Monodelphis brevicaudata
Q194613,Peroryctes raffrayana
Q97175789,Thylamys pulchellus
Q50329215,Isoodon fusciventer
Q194466,Monodelphis americana
Q194491,Monodelphis scalops
Q1459,Hemiechinus auritus
Q602913,Hylomys suillus
Q1763709,Hemiechinus collaris
Q21314192,Monodelphis touan
Q97176495,Thylamys citellus
Q28173768,Marmosa demerarae
Q26265410,Marmosa waterhousei
Q109647658,Vespertilio perspicillatus
Q122172971,Vespertilio vampyrus
Q122642573,Vespertilio lasiurus
Q109647660,Vespertilio serotinus
Q20902753,Dasypus pastasae
Q1832267,Rhinophylla pumilio
Q21252221,Dasypus mazzai
Q805029,Plecotus kolombatovici
Q147267,Didelphis virginiana
Q194238,Didelphis aurita
Q210708,Plecotus auritus
Q309501,Plecotus macrobullaris
Q1455589,Plecotus sardus
Q194232,Didelphis imperfecta
Q194894,Marmosa lepida
Q220958,Plecotus austriacus
Q20829969,Marmosa paraguayana
Q194331,Marmosa robinsoni
Q194241,Didelphis pernigra
Q2551828,Plecotus ognevi
Q123100,Plecotus teneriffae
Q194675,Marmosa murina
Q17651369,Plecotus gaisleri
Q194222,Marmosa mexicana
Q61765729,Myotis crypticus
Q210070,Bettongia penicillata
Q244062,Pseudois schaeferi
Q187484,Hydrodamalis gigas
Q465019,Pseudois nayaur
Q209763,Bettongia lesueur
Q820184,Redunca fulvorufula
Q209652,Bettongia gaimardi
Q755007,Redunca arundinum
Q209775,Bettongia tropica
Q106691887,Crocidura narcondamica
Q548442,Redunca redunca
Q302191,Carollia perspicillata
Q743510,Dasypus pilosus
Q1761577,Dasypus septemcinctus
Q1829319,Carollia sowelli
Q1833138,Nyctophilus gouldi
Q1834019,Scotoecus hirundo
Q131340,Rupicapra rupicapra
Q216815,Taurotragus oryx
Q649549,Dasypus novemcinctus
Q306040,Carollia brevicauda
Q1833054,Scotophilus dinganii
Q1762962,Cabassous tatouay
Q1833450,Nyctophilus timoriensis
Q1767476,Dasypus hybridus
Q1830267,Scotophilus borbonicus
Q902896,Rupicapra pyrenaica
Q695736,Taurotragus derbianus
Q1764523,Dasypus kappleri
Q1829725,Scotophilus heathii
Q1830063,Scotophilus collinus
Q1831989,Scotophilus nigrita
Q1833123,Scotophilus viridis
Q1834182,Scotoecus hindei
Q16583283,Nyctophilus corbeni
Q1832941,Nyctophilus geoffroyi
Q1829865,Scotophilus kuhlii
Q1769136,Cabassous centralis
Q301854,Harpiocephalus harpia
Q306079,Carollia castanea
Q1761916,Dasypus sabanicola
Q1764906,Cabassous chacoensis
Q1769112,Dasypus yepesi
Q1830324,Scotophilus robustus
Q1834532,Nyctophilus bifax
Q1768774,Cabassous unicinctus
Q1829981,Scotophilus leucogaster
Q1763423,Uropsilus investigator
Q232644,Vespertilio murinus
Q304929,Glossophaga soricina
Q305048,Glossophaga morenoi
Q106447911,Vespertilio barbastellus
Q106447928,Vespertilio emarginatus
Q1829768,Monophyllus redmani
Q1830193,Lonchophylla robusta
Q1832889,Lonchophylla dekeyseri
Q16610996,Sturnira bakeri
Q1833588,Vespertilio sinensis
Q306888,Glossophaga leachii
Q728636,Hemitragus jemlahicus
Q1830208,Lonchophylla thomasi
Q1832090,Lonchophylla mordax
Q20730680,Lonchophylla inexpectata
Q21377113,Sturnira hondurensis
Q106448030,Vespertilio nattereri
Q5494279,Monophyllus frater
Q21377101,Sturnira parvidens
Q106447906,Vespertilio auritus
Q624300,Hemitragus jayakari
Q306873,Glossophaga longirostris
Q123695767,Mesechinus orientalis
Q41088798,Vespertilio discolor
Q106448043,Vespertilio pipistrellus
Q106447916,Vespertilio bechsteinii
Q106447978,Vespertilio kuhlii
Q106448023,Vespertilio mystacinus
Q106448040,Vespertilio noctula
Q3934096,Rhinolophus smithersi
Q2757500,Rhinolophus madurensis
Q2191106,Rhinolophus formosae
Q3934095,Rhinolophus mossambicus
Q1770218,Rhinolophus bocharicus
Q81849704,Rhinolophus indorouxii
Q41215092,Damalops palaeindicus
Q75070,Tolypeutes matacus
Q194268,Perameles nasuta
Q919087,Phyllostomus discolor
Q754034,Capricornis crispus
Q431337,Capricornis sumatraensis
Q111846,Tolypeutes tricinctus
Q1761705,Capricornis rubidus
Q1834586,Macrotus californicus
Q856593,Perameles gunnii
Q111989901,Perameles myosuros
Q1548283,Phyllostomus hastatus
Q596243,Perameles bougainville
Q194660,Philander andersoni
Q50366007,Philander canus
Q715983,Capricornis swinhoei
Q778634,Capricornis milneedwardsii
Q194671,Philander opossum
Q617912,Phyllostomus elongatus
Q976615,Tylonycteris pachypus
Q1830533,Tylonycteris robustula
Q41086679,Perameles fasciata
Q104248135,Philander melanurus
Q41938286,Murina feae
Q55467861,Philander pallidus
Q50240781,Perameles pallescens
Q1762049,Rhinolophus acuminatus
Q1767170,Rhinolophus cornutus
Q1767759,Rhinolophus creaghi
Q1768902,Rhinolophus rufus
Q282863,Rhinolophus euryale
Q1833571,Platyrrhinus lineatus
Q737413,Rhinolophus ferrumequinum
Q582541,Rhinolophus trifoliatus
Q957645,Rhinolophus pearsonii
Q1763661,Rhinolophus arcuatus
Q1765459,Rhinolophus affinis
Q1766074,Rhinolophus eloquens
Q1767355,Rhinolophus megaphyllus
Q585476,Rhinolophus hipposideros
Q146446,Platyrrhinus helleri
Q387402,Rhinolophus lepidus
Q1767536,Rhinolophus sinicus
Q1762069,Rhinolophus mitratus
Q1769736,Rhinolophus borneensis
Q1761736,Rhinolophus pusillus
Q687072,Rhinolophus canuti
Q772758,Rhinolophus blasii
Q1769950,Rhinolophus philippinensis
Q1761331,Rhinolophus deckenii
Q1762905,Rhinolophus stheno
Q1766315,Rhinolophus clivosus
Q1769010,Rhinolophus capensis
Q1829294,Platyrrhinus brachycephalus
Q303336,Rhinolophus euryotis
Q599060,Rhinolophus rouxii
Q952523,Platyrrhinus recifinus
Q1762614,Rhinolophus marshalli
Q1766958,Rhinolophus celebensis
Q1769528,Rhinolophus sedulus
Q1762547,Rhinolophus beddomei
Q11527401,Notopteris macdonaldi
Q1764415,Rhinolophus landeri
Q1768814,Rhinolophus fumigatus
Q1763690,Rhinolophus luctus
Q1339272,Rhinolophus mehelyi
Q1593210,Platyrrhinus vittatus
Q308771,Chiroderma improvisum
Q545071,Damaliscus lunatus
Q748880,Philantomba monticola
Q1830481,Micronycteris schmidtorum
Q1831491,Micronycteris megalotis
Q1832650,Cynomops abrasus
Q1833096,Lophostoma silvicolum
Q1009881,Damaliscus pygargus
Q302110,Leptonycteris nivalis
Q1830164,Mimon bennettii
Q511749,Damaliscus korrigum
Q1830252,Uroderma magnirostrum
Q730486,Leptonycteris yerbabuenae
Q139351,Chiroderma doriae
Q727367,Micronycteris microtis
Q1978392,Philantomba walteri
Q2490843,Mimon cozumelae
Q307239,Chiroderma salvini
Q309337,Chiroderma trinitatum
Q195023,Micoureus paraguayanus
Q1833724,Vampyressa pusilla
Q1831295,Lophostoma schulzi
Q1499413,Uroderma bilobatum
Q1829457,Cynomops paranus
Q1829446,Mimon crenulatum
Q306241,Leptonycteris curasoae
Q1830393,Lophostoma evotis
Q1831111,Lophostoma brasiliense
Q1832281,Vampyressa nymphaea
Q2086975,Damaliscus superstes
Q194898,Micoureus alstoni
Q222016,Philantomba maxwellii
Q309319,Chiroderma villosum
Q122746093,Rhinolophus nobilis
Q122749424,Rhinolophus larvatus
Q1832690,Cynomops planirostris
Q1833261,Tonatia saurophila
Q1443996,Rousettus amplexicaudatus
Q1831509,Molossops temminckii
Q1210170,Lutreolina crassicaudata
Q94458,Macrophyllum macrophyllum
Q1762254,Rousettus leschenaultii
Q1831397,Molossops neglectus
Q136124,Mesophylla macconnelli
Q1017422,Glironia venusta
Q1623443,Otonycteris hemprichii
Q28972,Lasionycteris noctivagans
Q1767875,Rousettus celebensis
Q21247905,Celebochoerus heekereni
Q300981,Desmodus rotundus
Q242602,Oreamnos americanus
Q15859340,Hexaprotodon madagascariensis
Q1831353,Glyphonycteris sylvestris
Q22110899,Choeropsis liberiensis
Q132576,Aepyceros melampus
Q160042,Syncerus caffer
Q209207,Trinycteris nicefori
Q309117,Choeronycteris mexicana
Q623389,Oreotragus oreotragus
Q717028,Diphylla ecaudata
Q752436,Vombatus ursinus
Q902876,Euphractus sexcinctus
Q1078261,Scotomanes ornatus
Q1831551,Platymops setiger
Q203033,Myrmecophaga tridactyla
Q190154,Addax nasomaculatus
Q596208,Scutisorex somereni
Q756208,Sylvicapra grimmia
Q755719,Priodontes maximus
Q322141,Ammotragus lervia
Q193469,Budorcas taxicolor
Q83690,Lampronycteris brachyotis
Q94808,Pygoderma bilabiatum
Q1445531,Trachops cirrhosus
Q1142526,Vampyrum spectrum
Q135150,Cormura brevirostris
Q639785,Diaemus youngi
Q754046,Echinosorex gymnura
Q968416,Calyptophractus retusus
Q244174,Zaedyus pichiy
Q134353,Chrotopterus auritus
Q1250357,Diplomesodon pulchellum
Q209696,Caloprymnus campestris
Q652159,Hypsiprymnodon moschatus
Q22675215,Syncerus nanus
Q247703,Lionycteris spurrelli
Q275968,Vampyrodes caraccioli
Q301186,Ardops nichollsi
Q305079,Lichonycteris obscura
Q10378348,Euphractus villosus
Q305649,Emballonura semicaudata
Q1831891,Taphozous nudiventris
Q1832004,Pteronotus gymnonotus
Q129544,Dugong dugon
Q1832628,Taphozous longimanus
Q1832498,Mops condylurus
Q218792,Pseudoryx nghetinhensis
Q1831903,Taphozous theobaldi
Q1832873,Mops demonstrator
Q1831688,Taphozous melanopogon
Q936662,Pteronotus macleayii
Q1833527,Taphozous perforatus
Q76818,Taphozous mauritianus
Q1833599,Peropteryx kappleri
Q244447,Porcula salvania
Q301611,Centurio senex
Q1834816,Pteronotus davyi
Q1832858,Mops midas
Q1834226,Taphozous hildegardeae
Q303010,Emballonura monticola
Q339158,Peropteryx trinitatis
Q1832121,Mops trevori
Q305040,Emballonura raffrayana
Q338980,Peropteryx macrotis
Q1830308,Taphozous australis
Q1832968,Mops sarasinorum
Q373028,Megaderma lyra
Q623439,Beatragus hunteri
Q660423,Chironectes minimus
Q1768943,Rousettus spinalatus
Q184004,Ovibos moschatus
Q1073474,Noctilio leporinus
Q784161,Tlacuatzin canescens
Q301071,Neotetracus sinensis
Q1334561,Aepyprymnus rufescens
Q115933968,Tlacuatzin insularis
Q607857,Melonycteris melanops
Q754395,Pelea capreolus
Q20721973,Gallogoral meneghinii
Q244043,Cyclopes didactylus
Q301041,Caluromysiops irrupta
Q367378,Metachirus nudicaudatus
Q1310564,Pseudonovibos spiralis
Q24263188,Arabitragus jayakari
Q510892,Neohylomys hainanensis
Q1815581,Noctilio albiventris
Q2358905,Megaderma spasma
Q846337,Chlamyphorus truncatus
Q1763436,Myonycteris torquata
Q1834802,Mops thersites
Q1831282,Mops brachypterus
Q50800974,Cyclopes dorsalis
Q115934086,Tlacuatzin sinaloae
Q839672,Hemitragus hylocrius
Q22112156,Poephagus grunniens
Q22111959,Nilgiritragus hylocrius
Q109647303,Halmaturus dorsalis
Q122057006,Halmaturus bennettii
Q27980450,Gazella marica
Q1762956,Nesiotites hidalgo
Q11942857,Procoptodon goliah
Q110883217,Chodsigoa dabieshanensis
Q1829552,Hypsugo imbricatus
Q660139,Hypsugo savii
Q1830108,Hypsugo anchietae
Q558175,Hypsugo macrotis
Q209132,Dendrolagus bennettianus
Q183489,Dendrolagus dorianus
Q460977,Gazella subgutturosa
Q537428,Gazella arabica
Q691473,Macropus robustus
Q754520,Gazella gazella
Q838554,Gazella leptoceros
Q744173,Gazella cuvieri
Q6725591,Macropus titan
Q753763,Macropus parryi
Q387240,Gazella dorcas
Q209731,Macropus parma
Q107157178,Macropus major
Q430619,Gazella bennettii
Q853403,Gazella spekei
Q107157188,Macropus laniger
Q41084564,Macropus unguifer
Q41084488,Macropus fraenatus
Q194516,Dasyurus viverrinus
Q209174,Dendrolagus matschiei
Q209786,Dactylopsila tatei
Q194526,Dasyurus maculatus
Q194271,Dasyurus hallucatus
Q194250,Dasyurus albopunctatus
Q194252,Dasyurus geoffroii
Q1869203,Dendrolagus mayri
Q209159,Dendrolagus scottae
Q209510,Dendrolagus lumholtzi
Q860736,Hippocamelus bisulcus
Q215907,Barbastella barbastellus
Q209141,Dendrolagus inustus
Q209288,Dendrolagus mbaiso
Q209581,Dendrolagus goodfellowi
Q1830600,Barbastella leucomelas
Q209761,Dactylopsila megalura
Q657056,Hippocamelus antisensis
Q209139,Dendrolagus ursinus
Q210088,Dactylopsila trivirgata
Q2483675,Dendrolagus notatus
Q209278,Cercartetus concinnus
Q1764140,Cercartetus nanus
Q194153,Planigale maculata
Q304323,Brachyphylla cavernarum
Q1765489,Chrysospalax trevelyani
Q209598,Cercartetus lepidus
Q209747,Cercartetus caudatus
Q1762812,Oryzorictes hova
Q1769615,Chrysospalax villosus
Q194751,Planigale gilesi
Q533063,Onychogalea fraenata
Q1769360,Blarina carolinensis
Q112941,Onychogalea unguifera
Q290412,Neoromicia rendalli
Q290429,Neoromicia capensis
Q194119,Planigale tenuirostris
Q290513,Neoromicia somalicus
Q1766543,Blarina brevicauda
Q277207,Neoromicia nanus
Q290516,Neoromicia guineensis
Q729430,Onychogalea lunata
Q1770017,Blarina hylophaga
Q1619009,Capricornis thar
Q2252437,Microgale drouhardi
Q2462480,Microgale cowani
Q533451,Muntiacus muntjak
Q209179,Petrogale inornata
Q209628,Petrogale brachyotis
Q695973,Muntiacus reevesi
Q1190041,Corynorhinus townsendii
Q639089,Lagorchestes conspicillatus
Q133471,Petrogale assimilis
Q209111,Petrogale lateralis
Q226933,Lagorchestes hirsutus
Q600743,Muntiacus crinifrons
Q305691,Vespadelus vulturnus
Q305694,Vespadelus troughtoni
Q597135,Muntiacus vuquangensis
Q209582,Petrogale penicillata
Q1833151,Corynorhinus mexicanus
Q1831845,Corynorhinus rafinesquii
Q209172,Petrogale burbidgei
Q3867231,Muntiacus vaginalis
Q833607,Madoqua kirkii
Q922114,Madoqua guentheri
Q209660,Petrogale mareeba
Q209497,Petrogale xanthopus
Q209742,Dorcopsulus macleayi
Q209591,Petrogale concinna
Q922138,Madoqua saltiana
Q209119,Petrogale godmani
Q209117,Petrogale rothschildi
Q209653,Petrogale sharmani
Q1418780,Muntiacus feae
Q910827,Falsistrellus mordax
Q209123,Petrogale herberti
Q209322,Petrogale persephone
Q305719,Vespadelus pumilus
Q951776,Muntiacus montanus
Q19597052,Petrogale wilkinsi
Q209668,Petrogale purpureicollis
Q41084578,Madoqua cavendishi
Q135416,Antechinus minimus
Q135439,Antechinus subtropicus
Q942374,Eudorcas rufina
Q1094004,Talpa altaica
Q209067,Talpa europaea
Q5060377,Cervus hanglu
Q134343,Antechinus agilis
Q133332,Antechinus swainsonii
Q180404,Cervus canadensis
Q79794,Cervus elaphus
Q190516,Cervus nippon
Q135411,Antechinus bellus
Q652526,Talpa caeca
Q2314137,Cervus rhenanus
Q1829615,Triaenops persicus
Q744751,Talpa occidentalis
Q175287,Eudorcas albonotata
Q22113124,Cervus alfredi
Q1094727,Talpa romana
Q728643,Cervus albirostris
Q271705,Eudorcas thomsonii
Q10384544,Triaenops afer
Q304343,Eudorcas rufifrons
Q736603,Talpa caucasica
Q5419363,Triaenops menamena
Q27980418,Eudorcas tilonura
Q109647136,Cervus axis
Q819469,Burramys parvus
Q305916,Euroscaptor mizura
Q960227,Scapanus latimanus
Q1767406,Scapanus townsendii
Q915867,Scapanus orarius
Q1768872,Euroscaptor grandis
Q1353998,Murexia longicaudata
Q1831959,Glauconycteris superba
Q229337,Rusa unicolor
Q925051,Rusa marianna
Q1830422,Glauconycteris poensis
Q756186,Procapra gutturosa
Q1833275,Glauconycteris humeralis
Q645732,Rusa alfredi
Q853920,Procapra picticaudata
Q382925,Procapra przewalskii
Q663412,Rusa timorensis
Q232054,Axis axis
Q768071,Axis calamianensis
Q1830408,Glauconycteris beatrix
Q1832048,Scotorepens balstoni
Q42900443,Antechinus mimetes
Q1831633,Arielulus circumdatus
Q631333,Scotorepens greyii
Q1830353,Glauconycteris alboguttata
Q1832018,Glauconycteris argentata
Q129838,Petaurus australis
Q135135,Pseudantechinus woolleyae
Q183339,Antilope cervicapra
Q209903,Petaurus norfolcensis
Q122069,Capreolus capreolus
Q501491,Capreolus pygargus
Q134964,Sarcophilus harrisii
Q723435,Petaurus breviceps
Q102281603,Petaurus notatus
Q135842,Petaurus gracilis
Q194234,Phascolosorex dorsalis
Q135142,Pseudantechinus mimulus
Q194755,Phascolosorex doriae
Q465986,Neomys fodiens
Q613721,Neomys anomalus
Q41162638,Antilope decula
Q209627,Dorcopsis hageni
Q506308,Rucervus duvaucelii
Q749836,Rucervus schomburgki
Q159857,Dama dama
Q2088042,Mazama gouazoubira
Q1936568,Mogera etigo
Q2277840,Mazama bororo
Q2661249,Mogera robusta
Q1763357,Mazama americana
Q1076540,Pudu mephistophiles
Q209620,Dorcopsis luctuosa
Q1099975,Mogera wogura
Q1762375,Chimarrogale platycephalus
Q265167,Hemicentetes semispinosus
Q756889,Dama mesopotamica
Q927065,Pudu puda
Q659889,Mazama pandora
Q1764997,Mogera imaizumii
Q1761718,Amblysomus hottentotus
Q2484923,Mazama nemorivaga
Q712680,Mogera kanoana
Q764860,Mogera tokudae
Q1762455,Hemicentetes nigriceps
Q1994246,Mazama rufina
Q2223955,Mazama nana
Q2706503,Mazama temama
Q17622080,Mazama sanctaemartae
Q194175,Sminthopsis gilberti
Q209594,Thylogale stigmatica
Q194519,Sminthopsis crassicaudata
Q194981,Antechinus flavipes
Q133334,Sminthopsis macroura
Q194186,Antechinus stuartii
Q209115,Thylogale thetis
Q209291,Thylogale billardierii
Q209649,Thylogale browni
Q135415,Sminthopsis leucopus
Q194183,Sminthopsis murina
Q133345,Sminthopsis psammophila
Q134082,Sminthopsis dolichura
Q134084,Sminthopsis butleri
Q194155,Sminthopsis youngsoni
Q209167,Thylogale brunii
Q162679,Sminthopsis virginiae
Q134083,Sminthopsis aitkeni
Q135137,Sminthopsis hirtipes
Q194127,Sminthopsis longicaudata
Q123074678,Cervus mandarinus
Q123075001,Cervus mantchuricus
Q113302738,Cervus pseudaxis
Q194756,Ningaui yvonneae
Q215887,Odocoileus virginianus
Q734940,Parantechinus apicalis
Q1767421,Dymecodon pilirostris
Q368033,Raphicerus campestris
Q338831,Odocoileus hemionus
Q126683,Saiga tatarica
Q1765260,Anourosorex squamipes
Q725736,Nanger dama
Q16613193,Odocoileus lasiotis
Q756196,Raphicerus melanotis
Q726275,Neotragus pygmaeus
Q16613178,Odocoileus cariacou
Q16613191,Odocoileus goudotii
Q16613196,Odocoileus margaritae
Q541610,Raphicerus sharpei
Q853358,Nanger soemmerringii
Q115533815,Nanger notatus
Q469953,Neurotrichus gibbsii
Q735222,Nanger granti
Q1762117,Anourosorex yamashinai
Q1764011,Cryptotis parva
Q1769695,Cryptotis tropicalis
Q1770305,Cryptotis orophila
Q1762293,Notiosorex crawfordi
Q1877099,Dasycercus cristicauda
Q194190,Phascogale calura
Q194194,Phascogale tapoatafa
Q301808,Dasycercus blythi
Q1762222,Notiosorex evotis
Q194742,Myoictis wallacei
Q599781,Cryptotis medellinia
Q1769073,Notiosorex villai
Q5461839,Phascogale pirata
Q1768803,Notiosorex cockrumi
Q194269,Myoictis melas
Q122911468,Antilope crispa
Q122412963,Antilope beisa
Q122413666,Antilope defassa
Q1764777,Cryptotis merriami
Q122848850,Antilope depressicornis
Q1764011,Cryptotis parvus
Q1767462,Sorex trowbridgii
Q1769432,Sorex merriami
Q1769241,Urotrichus talpoides
Q717929,Setifer setosus
Q1142854,Sorex minutissimus
Q1764286,Sorex sclateri
Q304368,Pipistrellus pygmaeus
Q520425,Pipistrellus nathusii
Q1831606,Pipistrellus coromandra
Q1831672,Pipistrellus abramus
Q301254,Eptesicus fuscus
Q214869,Eptesicus serotinus
Q300941,Eptesicus nilssonii
Q842385,Pipistrellus kuhlii
Q786179,Pipistrellus hesperus
Q558009,Pipistrellus stenopterus
Q558039,Pipistrellus rueppellii
Q558048,Pipistrellus tenuis
Q372169,Axis porcinus
Q6025681,Hyelaphus annamiticus
Q136054,Eptesicus furinalis
Q626683,Eptesicus taddeii
Q1831707,Pipistrellus ceylonicus
Q176901,Pipistrellus pipistrellus
Q302837,Eptesicus diminutus
Q301930,Eptesicus brasiliensis
Q302364,Eptesicus nasutus
Q558025,Pipistrellus endoi
Q5834973,Eptesicus isabellinus
Q221342,Axis kuhlii
Q558183,Pipistrellus wattsi
Q301956,Eptesicus innoxius
Q122664991,Sorex fasciatus
Q122665323,Sorex lanatus
Q207906,Elaphurus davidianus
Q301286,Ectophylla alba
Q301631,Euderma maculatum
Q613177,Acrobates pygmaeus
Q744078,Dorcatragus megalotis
Q752020,Tarsipes rostratus
Q2112320,Alces americanus
Q247338,Idionycteris phyllotis
Q213084,Antidorcas marsupialis
Q726151,Setonix brachyurus
Q192573,Hydropotes inermis
Q547663,Condylura cristata
Q200444,Boselaphus tragocamelus
Q134336,Ametrida centurio
Q301042,Gymnobelideus leadbeateri
Q275468,Hylonycteris underwoodi
Q302584,Diclidurus scutatus
Q754050,Dasyuroides byrnei
Q133199,Bauerus dubiaquercus
Q304206,Enchisthenes hartii
Q1832470,Phyllops falcatus
Q613836,Echinops telfairi
Q612916,Nectogale elegans
Q273580,Tetracerus quadricornis
Q134340,Diclidurus albus
Q301105,Antrozous pallidus
Q670056,Lagostrophus fasciatus
Q1833407,Mimetillus moloneyi
Q94609,Platalina genovensium
Q332153,Sphaeronycteris toxophyllum
Q1832338,Rhinonicteris aurantia
Q35517,Alces alces
Q302847,Hesperoptenus tickelli
Q782785,Distoechurus pennatus
Q2165853,Murina hilgendorfi
Q735179,Wallabia bicolor
Q852769,Tenrec ecaudatus
Q381760,Desmana moschata
Q1832640,Sturnira lilium
Q2043022,Murina leucogaster
Q14538546,Murina beelzebub
Q2895227,Murina cyclotis
Q14667642,Murina walstoni
Q19717202,Tragoportax gaudryi
Q1832152,Sturnira tildae
Q1829351,Philetor brachypterus
Q2745348,Murina ussuriensis
Q724852,Neophascogale lorentzi
Q39624,Rangifer tarandus
Q2314638,Murina harrisoni
Q786314,Scaptonyx fusicaudus
Q14557466,Murina cineracea
Q305707,Lasiurus ega
Q474780,Potamogale velox
Q504501,Blastocerus dichotomus
Q1353759,Scalopus aquaticus
Q691991,Dromiciops gliroides
Q305676,Lasiurus seminolus
Q754036,Galemys pyrenaicus
Q723575,Elaphodus cephalophus
Q301708,Lasiurus borealis
Q1470645,Parascalops breweri
Q1515695,Paramurexia rothschildi
Q1829938,Scoteanax rueppellii
Q169694,Lasiurus varius
Q194440,Caluromys philander
Q305683,Lasiurus intermedius
Q674003,Ozotoceros bezoarticus
Q24251444,Niumbaha superba
Q1830048,Nycticeinops schlieffeni
Q305680,Lasiurus ebenus
Q747627,Ammodorcas clarkei
Q194243,Caluromys derbianus
Q1142656,Antechinomys laniger
Q1274350,Parascaptor leucura
Q208112,Litocranius walleri
Q275615,Ourebia ourebi
Q965668,Eremitalpa granti
Q194666,Caluromys lanatus
Q302715,Lasiurus blossevillii
Q606219,Lasiurus xanthinus
Q1766874,Melonycteris woodfordi
Q47544901,Parastrellus hesperus
Q238793,Neotragus batesi
Q657984,Neotragus moschatus
Q618571,Rhogeessa io
Q618582,Rhogeessa aeneus
Q618566,Rhogeessa genowaysi
Q611092,Rhogeessa parvula
Q1831141,Phyllonycteris aphylla
Q310506,Rhogeessa tumida
Q3825061,Ideodelphys microscopicus
Q109262310,Osphranter bernardus
Q646488,Rucervus eldii
Q111530774,Lasiurus semotus
Q587145,Lasiurus cinereus
Q104831614,Osphranter rufus
Q116251176,Osphranter robustus
Q116250826,Osphranter antilopinus
Q53462,Macropus rufus
Q53462,Osphranter rufus
Q928390,Pseudocheirus peregrinus
Q28044909,Pseudocheirus occidentalis
Q270098,Macropus giganteus
Q510022,Macropus fuliginosus
Q1934992,Babyrousa celebensis
Q2300117,Babyrousa togeanensis
Q629015,Babyrousa babyrussa
Q260587,Sus philippensis
Q112307733,Notamacropus irma
Q1353785,Sus verrucosus
Q859200,Sus cebifrons
Q809606,Sus barbatus
Q109262312,Notamacropus parryi
Q2047494,Sus ahoenobarbus
Q109262322,Notamacropus parma
Q109262323,Notamacropus rufogriseus
Q99905422,Afronycteris nana
Q535406,Sus celebensis
Q58697,Sus scrofa
Q99838816,Pseudoromicia rendalli
Q109262318,Notamacropus eugenii
Q109262313,Notamacropus agilis
Q109262315,Notamacropus dorsalis
Q209568,Pseudochirulus canescens
Q209575,Pseudochirulus mayeri
Q209629,Pseudochirulus cinereus
Q430489,Potamochoerus larvatus
Q654370,Potamochoerus porcus
Q209571,Pseudochirulus caroli
Q209635,Pseudochirulus forbesi
Q210165,Pseudochirulus herbertensis
Q209616,Pseudochirulus larvatus
Q209755,Ailurops ursinus
Q209718,Ailurops melanotis
Q209513,Pseudochirops cupreus
Q209595,Pseudochirops corinnae
Q209818,Pseudochirops albertisii
Q209830,Pseudochirops archeri
Q209585,Macropus bernardus
Q529738,Phacochoerus aethiopicus
Q209645,Macropus eugenii
Q183255,Phacochoerus africanus
Q249024,Macropus rufogriseus
Q209517,Macropus agilis
Q209578,Macropus antilopinus
Q209153,Macropus greyi
Q209648,Macropus irma
Q209156,Macropus dorsalis
Q668004,Petauroides volans
Q244372,Sorex minutus
Q1763026,Sorex unguiculatus
Q1767438,Sorex granarius
Q926608,Sorex alpinus
Q591450,Sorex araneus
Q1763695,Sorex arcticus
Q602666,Hylochoerus meinertzhageni
Q1763035,Sorex coronatus
Q873603,Sorex caecutiens
Q1404175,Petropseudes dahli
Q1766206,Sorex volnuchini
Q1770403,Sorex antinorii
Q1764913,Sorex tundrensis
Q672916,Hemibelideus lemuroides
Q1768100,Sorex buchariensis
Q50365691,Petauroides minor
Q50365762,Petauroides armillatus
Q1769720,Sorex vagrans
Q2194756,Sorex bairdi
Q469038,Sorex cinereus
Q1769712,Sorex fumeus
Q1769703,Sorex longirostris
Q1770338,Sorex dispar
Q1266060,Sorex monticolus
Q1763143,Sorex bendirii
Q2043191,Sorex palustris
Q469606,Sorex hoyi
Q1762387,Calcochloris leucorhinus
Q1768768,Calcochloris obtusirostris
Q21309793,Phanophilus comptus
Q2313420,Chrysochloris asiatica
Q1769717,Sorex ornatus
Q1762387,Calcochloris leucorhina
Q55760696,Griphodon peruvianus
Q189514,Loxodonta cyclotis
Q36557,Loxodonta africana
Q209519,Trichosurus caninus
Q209565,Strigocuscus celebensis
Q56299022,Strigocuscus sangirensis
Q209271,Trichosurus cunninghami
Q732477,Trichosurus vulpecula
Q209674,Strigocuscus pelengensis
Q209125,Trichosurus arnhemensis
Q209263,Trichosurus johnstonii
Q135148,Phalanger mimicus
Q209996,Phalanger orientalis
Q209562,Spilocuscus papuensis
Q209570,Spilocuscus rufoniger
Q375755,Palaeoloxodon cypriotes
Q209713,Phalanger carmelitae
Q209134,Phalanger gymnotis
Q209666,Phalanger ornatus
Q209780,Phalanger vestitus
Q209558,Phalanger rothschildi
Q50413450,Spilocuscus nudicaudatus
Q209548,Spilocuscus maculatus
Q17636254,Palaeoloxodon lomolinoi
Q16303732,Ampelomeryx ginsburgi
Q17635565,Ligeromeryx praestans
Q112967827,Coniopternium andinum
Q1762917,Wyulda squamicaudata
Q378959,Tupaia belangeri
Q581661,Tupaia glis
Q1763907,Tupaia picta
Q572842,Tupaia javanica
Q657384,Tupaia tana
Q935284,Tupaia minor
Q652961,Tupaia longipes
Q774635,Tupaia montana
Q1769323,Tupaia dorsalis
Q1768739,Tupaia splendidula
Q40713213,Tupaia ferruginea
Q1338043,Tupaia nicobarica
Q5560337,Amphiptera pacifica
Q1766337,Dendrogale murina
Q41167995,Simia syndactyla
Q106432740,Desmostylus hesperus
Q20722314,Zygolophodon pyrenaicus
Q747125,Ptilocercus lowii
Q581371,Anathana ellioti
Q640645,Lepus californicus
Q1467672,Lepus callotis
Q513373,Lepus granatensis
Q748185,Lepus capensis
Q578083,Lepus oiostolus
Q510359,Lepus yarkandensis
Q664472,Lepus flavigularis
Q1355766,Lepus brachyurus
Q1017365,Lepus saxatilis
Q336528,Lepus habessinicus
Q932186,Lepus townsendii
Q932156,Lepus corsicanus
Q20719692,Megaladapis edwardsi
Q122216608,Nyctipithecus felinus
Q123002713,Brachyurus rubicundus
Q123002784,Brachyurus calvus
Q101413565,Oxypterus mongitori
Q16654729,Lepus valdarnensis
Q106448316,Lepus cuniculus
Q41170948,Lepus sechuenensis
Q300946,Lagenorhynchus obliquidens
Q1210782,Avahi peyrierasi
Q216435,Lagenorhynchus acutus
Q217147,Lagenorhynchus albirostris
Q300994,Lagenorhynchus obscurus
Q300991,Lagenorhynchus australis
Q307262,Avahi laniger
Q301018,Lagenorhynchus cruciger
Q1194866,Avahi occidentalis
Q18785,Nesolagus netscheri
Q82037,Okapia johnstoni
Q81214,Physeter macrocephalus
Q15042385,Birgerbohlinia schaubi
Q1131678,Propithecus coquereli
Q2924081,Pronolagus saundersiae
Q677608,Propithecus diadema
Q913789,Propithecus verreauxi
Q1202844,Propithecus edwardsi
Q1350394,Propithecus perrieri
Q536459,Pronolagus rupestris
Q775574,Propithecus tattersalli
Q763853,Propithecus candidus
Q1184997,Propithecus deckenii
Q179384,Propithecus coronatus
Q1050155,Pronolagus crassicaudatus
Q543227,Pronolagus randensis
Q57321580,Sylvilagus andinus
Q1097901,Cynocephalus volans
Q244194,Brachylagus idahoensis
Q687102,Pentalagus furnessi
Q300964,Bunolagus monticularis
Q15039018,Hallensia matthesi
Q5198886,Galeopterus variegatus
Q25851,Oryctolagus cuniculus
Q301068,Caprolagus hispidus
Q668030,Romerolagus diazi
Q2262056,Cosoryx furcatus
Q3494603,Honanotherium schlosseri
Q203868,Indri indri
Q187943,Antilocapra americana
Q7289791,Ramoceros osborni
Q81056,Castor canadensis
Q181191,Castor fiber
Q223960,Tapirus pinchaque
Q115941335,Tapirus mazimmus
Q220271,Tapirus terrestris
Q192710,Tapirus indicus
Q15327636,Tapirus kabomani
Q215997,Tapirus bairdii
Q25930440,Tapirus johnsoni
Q16637853,Tapirus leucogenys
Q15236265,Dorudon atrox
Q25930422,Tapirus webbi
Q179020,Balaenoptera physalus
Q301055,Balaenoptera bonaerensis
Q854309,Balaenoptera omurai
Q201808,Balaenoptera acutorostrata
Q2144297,Balaenoptera edeni
Q273331,Orcaella brevirostris
Q185097,Balaenoptera borealis
Q170311,Rhinoceros sondaicus
Q105014096,Balaenoptera ricei
Q221056,Balaenoptera brydei
Q47910,Rhinoceros unicornis
Q42196,Balaenoptera musculus
Q122834520,Rhinoceros africanus
Q782290,Orcaella Heinsohni
Q174199,Tursiops truncatus
Q370597,Tursiops aduncus
Q24733605,Iranotherium morgani
Q1016955,Tursiops australis
Q10885120,Basilosaurus isis
Q7486610,Menoceras arikarensis
Q215335,Mesoplodon bidens
Q924364,Mesoplodon carlhubbsi
Q281459,Mesoplodon ginkgodens
Q477192,Mesoplodon mirus
Q943830,Mesoplodon peruvianus
Q109298387,Mesoplodon eueu
Q551786,Mesoplodon layardii
Q1125014,Mesoplodon hectori
Q503578,Mesoplodon bowdoini
Q636590,Mesoplodon densirostris
Q244300,Kogia breviceps
Q944981,Mesoplodon europaeus
Q1506003,Mesoplodon perrini
Q943889,Mesoplodon grayi
Q1125029,Mesoplodon stejnegeri
Q27929,Mesoplodon traversii
Q42669,Kogia sima
Q680290,Elephas melitensis
Q207114,Delphinus delphis
Q604326,Delphinus capensis
Q713853,Sousa chinensis
Q1192406,Sousa teuszii
Q133006,Elephas maximus
Q17476198,Sousa sahulensis
Q3017051,Sousa plumbea
Q41164539,Elephas armeniacus
Q215332,Stenella coeruleoalba
Q918331,Lissodelphis borealis
Q247990,Stenella frontalis
Q838940,Stenella clymene
Q764242,Stenella attenuata
Q277767,Lissodelphis peronii
Q649513,Stenella longirostris
Q300961,Cephalorhynchus hectori
Q735210,Globicephala macrorhynchus
Q301048,Cephalorhynchus heavisidii
Q207744,Globicephala melas
Q724354,Cephalorhynchus commersonii
Q29220,Dicerorhinus sumatrensis
Q755733,Cephalorhynchus eutropia
Q469908,Ochotona princeps
Q185540,Ochotona collaris
Q1765269,Ochotona pallasi
Q1768070,Cratogeomys goldmani
Q2070345,Cratogeomys fulvescens
Q921341,Cratogeomys castanops
Q1140811,Ochotona hyperborea
Q922340,Ochotona turuchanensis
Q4524,Ochotona alpina
Q210872,Platanista gangetica
Q803927,Berardius bairdii
Q1767114,Geomys pinetis
Q300949,Hyperoodon ampullatus
Q935680,Sotalia fluviatilis
Q1426222,Geomys bursarius
Q2649322,Sotalia guianensis
Q852187,Lepus peguensis
Q1467662,Lepus nigricollis
Q1769184,Geomys personatus
Q260018,Platanista minor
Q1770201,Geomys breviceps
Q1355743,Lepus hainanus
Q1763373,Geomys arenarius
Q1764247,Geomys attwateri
Q1581201,Lepus microtis
Q629227,Berardius arnuxii
Q1147076,Hyperoodon planifrons
Q623173,Ziphius cavirostris
Q205329,Inia geoffrensis
Q732890,Pedetes capensis
Q777220,Pedetes surdaster
Q26843,Orcinus orca
Q15640675,Inia araguaiaensis
Q55627821,Orcinus paleorca
Q430175,Lepus castroviejoi
Q1173034,Ochotona dauurica
Q1321102,Ochotona rufescens
Q190508,Moschus moschiferus
Q587278,Ochotona pusilla
Q288881,Moschus chrysogaster
Q231625,Lepus arcticus
Q277469,Moschus berezovskii
Q180035,Lepus timidus
Q2326479,Moschus cupreus
Q1082275,Moschus leucogaster
Q1154116,Lepus coreanus
Q133196,Ochotona koslowi
Q311593,Ochotona erythrotis
Q1769345,Ochotona macrotis
Q856653,Lepus othus
Q311612,Ochotona himalayana
Q534801,Ochotona ladacensis
Q1762352,Ochotona roylei
Q257754,Lepus starcki
Q1291427,Lepus comus
Q26838,Lepus europaeus
Q659553,Ochotona rutila
Q949818,Moschus fuscus
Q1467702,Lepus mandshuricus
Q1366839,Ochotona curzoniae
Q159918,Ceratotherium simum
Q1768715,Ochotona cansus
Q311584,Lepus tibetanus
Q1355755,Lepus tolai
Q132905,Megaptera novaeangliae
Q503813,Aplodontia rufa
Q179154,Eschrichtius robustus
Q208132,Pseudorca crassidens
Q203897,Grampus griseus
Q724349,Peponocephala electra
Q910093,Indopacetus pacificus
Q1124755,Tasmacetus shepherdi
Q244172,Feresa attenuata
Q129773,Sylvilagus nuttallii
Q189615,Caperea marginata
Q95036,Diceros bicornis
Q622597,Pontoporia blainvillei
Q404566,Sylvilagus transitionalis
Q81063,Lepus americanus
Q139716,Sylvilagus obscurus
Q194815,Sylvilagus robustus
Q751965,Lagenodelphis hosei
Q774716,Sylvilagus floridanus
Q608572,Sylvilagus audubonii
Q1074206,Lepus sinensis
Q838812,Steno bredanensis
Q577630,Lepus alleni
Q194815,Sylvilagus holzneri
Q138169,Sylvilagus palustris
Q856610,Sylvilagus brasiliensis
Q1508885,Sylvilagus bachmani
Q583901,Sylvilagus aquaticus
Q1575984,Sylvilagus cunicularius
Q1762341,Sylvilagus graysoni
Q63967499,Hadrosciurus spadiceus
Q63967550,Hadrosciurus igniventris
Q1767906,Sciurus pyrrhinus
Q1769570,Sciurus spadiceus
Q63967508,Hadrosciurus pyrrhinus
Q842467,Lycalopex sechurae
Q244239,Nycticebus pygmaeus
Q846009,Tarsius bancanus
Q688601,Nycticebus coucang
Q956010,Nycticebus kayan
Q1133505,Tarsius tumpara
Q7686752,Tarsius fuscus
Q817174,Nycticebus bengalensis
Q29789447,Tarsius spectrumgurskyae
Q859277,Tarsius tarsier
Q43207,Genetta thierryi
Q41133,Genetta victoriae
Q43214,Genetta maculata
Q43230,Genetta tigrina
Q1365798,Tarsius sangirensis
Q122830576,Tarsius pallasii
Q43215,Genetta johnstoni
Q43209,Genetta poensis
Q43217,Genetta angolensis
Q43222,Genetta piscivora
Q22113555,Tarsius spectrum
Q43226,Genetta abyssinica
Q43211,Genetta servalina
Q43213,Genetta pardina
Q41083655,Genetta felina
Q43223,Genetta cristata
Q214835,Vulpes bengalensis
Q745751,Vulpes macrotis
Q217291,Vulpes cana
Q263706,Vulpes velox
Q82738,Vulpes lagopus
Q912350,Hypogeomys antimena
Q131564,Vulpes zerda
Q319070,Vulpes ferrilata
Q739525,Vulpes pallida
Q272933,Vulpes chama
Q187024,Vulpes corsac
Q295994,Vulpes rueppellii
Q8332,Vulpes vulpes
Q303588,Dipodomys compactus
Q1762619,Dipodomys microps
Q302207,Dipodomys ingens
Q304884,Dipodomys merriami
Q832036,Lycalopex gymnocercus
Q302232,Dipodomys ordii
Q972907,Nycticebus javanicus
Q373558,Lycalopex culpaeus
Q308213,Dipodomys stephensi
Q2363029,Nycticebus menagensis
Q673700,Galerella sanguinea
Q1385338,Nycticebus bancanus
Q737126,Dipodomys panamintinus
Q263504,Dipodomys deserti
Q3285787,Galerella nigrata
Q1576480,Galerella flavescens
Q631167,Lycalopex fulvipes
Q257432,Lycalopex vetulus
Q303570,Dipodomys nitratoides
Q306215,Dipodomys phillipsii
Q601913,Lycalopex griseus
Q7071010,Nycticebus borneanus
Q1770172,Dipodomys heermanni
Q2703587,Dipodomys venustus
Q2299553,Galerella ochracea
Q303546,Dipodomys agilis
Q305280,Dipodomys spectabilis
Q306148,Dipodomys gravipes
Q1293310,Galerella pulverulenta
Q998769,Zalophus wollebaeki
Q379732,Zalophus californianus
Q148462,Nasua nasua
Q754992,Nasua narica
Q405403,Procyon cancrivorus
Q210282,Phocoena spinipinnis
Q725493,Phocoena sinus
Q651814,Procyon pygmaeus
Q869465,Nasua nelsoni
Q121439,Procyon lotor
Q749548,Phocoena dioptrica
Q1464840,Mungos gambianus
Q754413,Procyon maynardi
Q27027,Phocoena phocoena
Q23121,Mungos mungo
Q21968197,Procyon minor
Q2751291,Chinchilla lanigera Ã— Chinchilla brevicaudata
Q834053,Chinchilla lanigera
Q1764161,Dasyprocta prymnolopha
Q775170,Dasyprocta leporina
Q666850,Chinchilla chinchilla
Q1763394,Dasyprocta mexicana
Q1034944,Cuniculus taczanowskii
Q1763019,Dasyprocta ruatanica
Q40654063,Dasyprocta variegata
Q1767371,Dasyprocta fuliginosa
Q33936,Cuniculus paca
Q590091,Dasyprocta coibae
Q643741,Dasyprocta azarae
Q1762247,Dasyprocta punctata
Q1767164,Dasyprocta kalinowskii
Q31073016,Dasyprocta iacki
Q1767969,Calomyscus urartensis
Q1143192,Galago moholi
Q77332,Galago senegalensis
Q1153485,Galago demidoff
Q662279,Galago granti
Q743563,Helogale parvula
Q655260,Galago alleni
Q305738,Calomyscus bailwardi
Q307068,Helogale hirtula
Q47451045,Galago crassicaudatus
Q2205717,Lariscus insignis
Q188957,Canis simensis
Q3696387,Canis latrans var.
Q128098,Canis aureus
Q20717272,Canis familiaris
Q21354981,Canis ursinus
Q5032443,Canis falconeri
Q40330980,Canis lateralis
Q20744349,Canis anthus
Q2468673,Canis himalayensis
Q117011854,Canis dingo
Q18498,Canis lupus
Q44299,Canis latrans
Q122839786,Canis hodophilax
Q122930284,Canis nubilus
Q40331202,Canis sladeni
Q281008,Octodon degus
Q465786,Eliomys quercinus
Q1751843,Eliomys melanurus
Q302133,Aconaemys fuscus
Q307153,Aotus trivirgatus
Q1185098,Aotus zonalis
Q1209810,Aotus nigriceps
Q302318,Aconaemys sagei
Q490226,Aotus miconax
Q508509,Aotus vociferans
Q1209751,Aotus nancymaae
Q1365852,Aotus azarae
Q687557,Aotus infulatus
Q1185106,Aotus griseimembra
Q1206175,Aotus lemurinus
Q33602,Ailuropoda melanoleuca
Q41162672,Aotus boliviensis
Q932685,Thryonomys swinderianus
Q2086835,Callosciurus finlaysonii
Q862521,Callosciurus pygerythrus
Q13426343,Callosciurus prevostii
Q860705,Callosciurus notatus
Q2126409,Callosciurus quinquestriatus
Q3729755,Callosciurus inornatus
Q860603,Callosciurus erythraeus
Q3733424,Callosciurus nigrovittatus
Q3235052,Callosciurus caniceps
Q307824,Callosciurus adamsi
Q3727448,Callosciurus phayrei
Q1770052,Callosciurus orestes
Q221088,Arctocephalus townsendi
Q301888,Atherurus macrourus
Q571618,Arctocephalus galapagoensis
Q848780,Arctocephalus philippii
Q949120,Tamiops maritimus
Q466597,Arctocephalus pusillus
Q649127,Arctocephalus australis
Q215250,Urocyon cinereoargenteus
Q571449,Arctocephalus gazella
Q722180,Urocyon littoralis
Q844643,Arctocephalus tropicalis
Q832379,Arctocephalus forsteri
Q1766518,Euryoryzomys nitidus
Q632701,Bassariscus astutus
Q787416,Atherurus africanus
Q1761424,Euryoryzomys russatus
Q3729909,Tamiops swinhoei
Q308780,Exilisciurus exilis
Q838840,Bassariscus sumichrasti
Q309089,Exilisciurus whiteheadi
Q1766061,Tamiops rodolphii
Q860585,Tamiops mcclellandii
Q613760,Herpestes edwardsi
Q742727,Pusa caspica
Q600530,Herpestes javanicus
Q1768836,Transandinomys bolivaris
Q6995005,Nephelomys pirrensis
Q9047564,Myoprocta pratti
Q1769932,Graphiurus ocularis
Q1535110,Herpestes fuscus
Q1761632,Graphiurus murinus
Q1952668,Myoprocta exilis
Q649306,Herpestes ichneumon
Q18418464,Prosciurillus alstoni
Q267305,Herpestes semitorquatus
Q1764648,Prosciurillus murinus
Q1766927,Prosciurillus rosenbergii
Q1767101,Prosciurillus leucomus
Q30892873,Herpestes auropunctatus
Q203208,Pusa hispida
Q947395,Herpestes brachyurus
Q938494,Herpestes urva
Q735968,Herpestes vitticollis
Q17626110,Prosciurillus topapuensis
Q27994178,Herpestes sanguineus
Q41165242,Herpestes gracilis
Q764948,Herpestes naso
Q1552153,Myoprocta acouchy
Q1968383,Herpestes smithii
Q1763473,Transandinomys talamancae
Q4535,Pusa sibirica
Q41165246,Herpestes mutgigella
Q41165259,Herpestes zebra
Q1763256,Nephelomys devius
Q10960505,Herpestes lemanensis
Q1482221,Bdeogale nigripes
Q1572813,Platacanthomys lasiurus
Q193683,Eubalaena glacialis
Q244410,Eubalaena australis
Q1074270,Typhlomys cinereus
Q506604,Eubalaena japonica
Q570548,Mydaus javanensis
Q1017414,Bdeogale crassicauda
Q1068616,Mephitis macroura
Q922103,Mydaus marchei
Q122750177,Mydaus meliceps
Q1516758,Spilogale angustifrons
Q2166001,Conepatus mesoleucus
Q368495,Mephitis mephitis
Q756194,Otolemur crassicaudatus
Q1763380,Lagidium peruanum
Q1196226,Otolemur garnettii
Q307105,Spilogale putorius
Q115867490,Spilogale yucatanensis
Q570467,Anomalurus beecrofti
Q688635,Conepatus semistriatus
Q934487,Conepatus leuconotus
Q1761602,Lagidium viscacia
Q1206135,Otolemur monteiri
Q1769812,Anomalurus pelii
Q1768130,Lagidium wolffsohni
Q302245,Anomalurus derbianus
Q747238,Conepatus humboldtii
Q490248,Conepatus chinga
Q306637,Anomalurus pusillus
Q971191,Spilogale gracilis
Q1206148,Euoticus pallidus
Q305759,Ctenomys talarum
Q1764856,Ctenomys osvaldoreigi
Q1768683,Ctenomys emilianus
Q1769457,Ctenomys magellanicus
Q305748,Ctenomys australis
Q300984,Dryomys nitedula
Q307778,Dremomys pernyi
Q307818,Dremomys rufigenis
Q305762,Ctenomys torquatus
Q308767,Dremomys pyrrhomerus
Q1766281,Dryomys laniger
Q1761816,Ctenomys conoveri
Q1762985,Dremomys gularis
Q1767339,Ctenomys lami
Q1769578,Ctenomys tucumanus
Q115792,Liomys irroratus
Q305862,Ctenomys tuconax
Q308784,Dremomys everetti
Q520350,Ctenomys sericeus
Q1769927,Ctenomys minutus
Q1770037,Ctenomys pearsoni
Q307691,Dremomys lokriah
Q1765233,Ctenomys colburni
Q1765606,Ctenomys flamarioni
Q1768710,Ctenomys yolandae
Q172553,Chaetodipus pernix
Q1194191,Ratufa affinis
Q172555,Chaetodipus nelsoni
Q1028802,Ctenodactylus gundi
Q494968,Phoca largha
Q302998,Ctenomys brasiliensis
Q167650,Chaetodipus penicillatus
Q172372,Chaetodipus intermedius
Q5097314,Chaetodipus eremicus
Q167046,Chaetodipus californicus
Q153608,Chaetodipus baileyi
Q2668978,Ratufa indica
Q26840221,Giraffa giraffa
Q27497311,Giraffa reticulata
Q301554,Ctenodactylus vali
Q1055842,Ratufa macroura
Q167053,Chaetodipus hispidus
Q10289919,Giraffa gracilis
Q304449,Ctenomys haigi
Q308445,Chaetodipus fallax
Q308751,Chaetodipus spinatus
Q153752,Chaetodipus arenarius
Q917916,Ratufa bicolor
Q26913,Phoca vitulina
Q15083,Giraffa camelopardalis
Q27497247,Giraffa tippelskirchi
Q306372,Chaetodipus formosus
Q2953856,Heteromys nubicolens
Q19597262,Funambulus obscurus
Q1150343,Arctocebus aureus
Q1765033,Funambulus pennantii
Q1768984,Perognathus parvus
Q2049280,Sundasciurus steerii
Q305626,Funambulus palmarum
Q1162447,Lagostomus maximus
Q881968,Microdipodops pallidus
Q1764601,Perognathus longimembris
Q1765932,Sundasciurus mindanensis
Q1769211,Perognathus merriami
Q308491,Funambulus sublineatus
Q586809,Perognathus flavus
Q1765770,Perognathus fasciatus
Q947671,Crossarchus obscurus
Q1765921,Sundasciurus samarensis
Q1766962,Sundasciurus tenuis
Q1769242,Sundasciurus hippurus
Q1153493,Arctocebus calabarensis
Q1767602,Perognathus flavescens
Q1767215,Funambulus layardi
Q1767641,Funambulus tristriatus
Q307834,Idiurus zenkeri
Q1766485,Sundasciurus lowii
Q24808782,Perognathus hispidus
Q149398,Nasuella olivacea
Q724983,Fukomys anselli
Q978458,Fukomys damarensis
Q21259543,Drymoreomys albimaculatus
Q978357,Fukomys darlingi
Q29650861,Fukomys hanangensis
Q308770,Fukomys mechowi
Q29650860,Fukomys livingstoni
Q186778,Daubentonia madagascariensis
Q754895,Histriophoca fasciata
Q321376,Cerdocyon thous
Q614947,Loris tardigradus
Q191737,Speothos venaticus
Q137641,Tremarctos ornatus
Q331850,Atelocynus microtis
Q262590,Loris lydekkerianus
Q28155507,Sciurocheirus alleni
Q7966,Callorhinus ursinus
Q28156643,Galagoides granti
Q28156612,Galagoides demidoff
Q174652,Balaena mysticetus
Q40994,Odobenus rosmarus
Q122998432,Balaena biscayensis
Q732544,Cynictis penicillata
Q178089,Crocuta crocuta
Q184389,Chrysocyon brachyurus
Q855597,Atilax paludinosus
Q893962,Glyphotes simus
Q207148,Muscardinus avellanarius
Q838740,Petromus typicus
Q901297,Nannosciurus melanotis
Q1537751,Dologale dybowskii
Q1757286,Rhynchogale melleri
Q322138,Neophocaena phocaenoides
Q173651,Lycaon pictus
Q189978,Poiana richardsonii
Q188130,Lipotes vexillifer
Q187704,Myocastor coypus
Q949010,Trichys fasciculata
Q1422952,Glirulus japonicus
Q1331423,Selevinia betpakdalaensis
Q906945,Ichneumia albicauda
Q1968390,Poiana leightoni
Q200400,Otocyon megalotis
Q1766035,Massoutiera mzabi
Q615863,Octodontomys gliroides
Q1762287,Rhinosciurus laticaudatus
Q22286308,Neophocaena asiaeorientalis
Q1768314,Pectinator spekei
Q694473,Sciurillus pusillus
Q1567530,Tympanoctomys barrerae
Q1135691,Spalacopus cyanus
Q186663,Hydrurga leptonyx
Q431981,Eumetopias jubatus
Q185295,Proteles cristata
Q147128,Glis glis
Q132072,Delphinapterus leucas
Q20085878,Smutsia gigantea
Q301130,Santamartamys rufodorsalis
Q22113538,Cephalopachus bancanus
Q28173017,Smutsia temminckii
Q159426,Monodon monoceros
Q1075190,Pseudopotto martini
Q27370,Halichoerus grypus
Q132585,Cuon alpinus
Q149405,Erignathus barbatus
Q313166,Leptonychotes weddellii
Q134015,Suricata suricatta
Q214287,Cystophora cristata
Q432513,Phocarctos hookeri
Q744392,Neophoca cinerea
Q333649,Otaria flavescens
Q209324,Pagophilus groenlandicus
Q513081,Nandinia binotata
Q837610,Ommatophoca rossii
Q818872,Menetes berdmorei
Q747610,Perodicticus potto
Q1031137,Zenkerella insignis
Q626027,Lobodon carcinophaga
Q41960,Ailurus fulgens
Q122828749,Otaria ursina
Q89502501,Ailurus styani
Q141405,Saxatilomys paulinae
Q188944,Canis mesomelas
Q208079,Canis adustus
Q738564,Phocoenoides dalli
Q28173851,Neomonachus schauinslandi
Q536862,Carlito syrichta
Q110727,Laonastes aenigmamus
Q27440964,Xenogale naso
Q1206278,Galago zanzibaricus
Q28173138,Phataginus tricuspis
Q95111626,Poecilictis libyca
Q41165148,Helictis subaurantiaca
Q122751319,Mangusta javanica
Q122890099,Putorius vison
Q122890974,Putorius noveboracensis
Q876491,Microcebus murinus
Q827793,Microcebus berthae
Q1194860,Microcebus lehilahytsara
Q243990,Microcebus myoxinus
Q901158,Microcebus rufus
Q40517252,Microcebus sp.
Q687598,Microcebus danfossi
Q1543709,Microcebus griseorufus
Q1094764,Microcebus mamiratra
Q122238595,Myspithecus typus
Q1350668,Microcebus mittermeieri
Q1514699,Microcebus gerpi
Q208140,Equus africanus
Q220248,Martes flavigula
Q602823,Martes gwatkinsii
Q692664,Tamias striatus
Q1766259,Tamias alpinus
Q1769990,Tamias amoenus
Q322145,Martes americana
Q584064,Martes pennanti
Q180960,Equus hemionus
Q1768062,Tamias townsendii
Q1762104,Tamias dorsalis
Q476947,Manis temminckii
Q517630,Tamias sonomae
Q1761298,Tamias quadrimaculatus
Q1764487,Tamias panamintinus
Q1764506,Tamias palmeri
Q1767770,Tamias senex
Q1769110,Tamias quadrivittatus
Q1762763,Tamias rufus
Q1765515,Tamias minimus
Q14856061,Tamias ruficaudus
Q1769103,Tamias merriami
Q1052830,Martes melampus
Q1766255,Tamias speciosus
Q25427460,Martes caurina
Q1763347,Tamias obscurus
Q1764898,Nesomys rufus
Q27742,Equus ferus
Q1767483,Tamias cinereicollis
Q3727892,Nesomys lambertoni
Q26423,Martes zibellina
Q27366,Martes foina
Q26046,Martes martes
Q1767146,Tamias umbrinus
Q243213,Equus zebra
Q271459,Mustela sibirica
Q1142024,Mustela strigidorsa
Q631645,Equus hydruntinus
Q628006,Mustela itatsi
Q402885,Mustela nigripes
Q245305,Equus quagga
Q10758650,Equus caballus
Q720696,Mustela frenata
Q219565,Equus grevyi
Q19829417,Equus asinus
Q221380,Equus kiang
Q732127,Mustela eversmanii
Q28109755,Equus przewalskii
Q434197,Mustela altaica
Q1233230,Equus onager
Q5384753,Equus namadicus
Q26559,Mustela lutreola
Q26582,Mustela putorius
Q46144,Mustela kathiah
Q254223,Mustela subpalmata
Q25311,Mustela nivalis
Q25345,Mustela erminea
Q720696,Neogale frenata
Q30898329,Equus graziosii
Q1765959,Myotomys unisulcatus
Q215343,Mirounga leonina
Q626023,Mirounga angustirostris
Q306741,Chelemys megalonyx
Q1194199,Mirza coquereli
Q1270064,Mirza zaza
Q1769202,Loxodontomys micropus
Q1769680,Melanomys caliginosus
Q6309578,Juliomys anoblepas
Q1768175,Taeromys microbullatus
Q80191,Pardofelis marmorata
Q301829,Hadromys humei
Q307898,Apomys datae
Q192233,Pardofelis temminckii
Q1763261,Mesembriomys gouldii
Q1769380,Taeromys callitrichus
Q213044,Pardofelis badia
Q1765881,Mesembriomys macrurus
Q25773,Archboldomys kalinga
Q307840,Apomys gracilirostris
Q1762736,Rattus tanezumi
Q184224,Rattus norvegicus
Q247142,Cynomys ludovicianus
Q304415,Cynomys parvidens
Q936978,Cynomys gunnisoni
Q935477,Rattus lutreolus
Q1093802,Cynomys mexicanus
Q1767051,Rattus sordidus
Q106133,Rattus Rattus
Q339418,Rattus exulans
Q1766442,Rattus villosissimus
Q631667,Rattus xanthurus
Q1641012,Rattus argentiventer
Q107657638,Mustela haidarum
Q1763602,Rattus tunneyi
Q50407587,Mustela vison
Q585213,Cynomys leucurus
Q28970,Rattus fuscipes
Q122171567,Mustela lutra
Q122171654,Mustela martes
Q1764808,Rattus hoffmanni
Q122890921,Mustela canadensis
Q41085321,Mustela richardsonii
Q183330,Cryptoprocta ferox
Q308452,Necromys lasiurus
Q1762088,Handleyomys chapmani
Q309308,Graomys griseoflavus
Q1032783,Cryptomys hottentotus
Q24278925,Handleyomys alfaroi
Q1769367,Rattus baluensis
Q2123526,Rattus satarae
Q40656769,Mus minutus
Q1769954,Spermophilus spilosoma
Q1767988,Spermophilus columbianus
Q1187091,Callicebus cupreus
Q960501,Spermophilus tridecemlineatus
Q1768499,Spermophilus armatus
Q1092075,Spermophilus beecheyi
Q1763717,Spermophilus undulatus
Q854681,Spermophilus suslicus
Q656721,Spermophilus relictus
Q674275,Spermophilus parryii
Q1764796,Spermophilus franklinii
Q1769414,Spermophilus mohavensis
Q1035244,Callicebus caquetensis
Q1766612,Spermophilus fulvus
Q1078572,Spermophilus richardsonii
Q1767980,Spermophilus saturatus
Q20721823,Callicebus toppini
Q1767366,Spermophilus alashanicus
Q1765522,Spermophilus pygmaeus
Q2019318,Spermophilus musicus
Q623466,Spermophilus citellus
Q1768906,Spermophilus annulatus
Q1770342,Spermophilus xanthoprymnus
Q1206291,Callicebus aureipalatii
Q1334879,Spermophilus lateralis
Q1404317,Spermophilus variegatus
Q1766551,Spermophilus erythrogenys
Q1768722,Spermophilus major
Q306689,Arvicanthis blicki
Q308773,Funisciurus substriatus
Q1051966,Proechimys guyannensis
Q694296,Sciurus niger
Q987555,Sciurus aberti
Q585570,Sciurus granatensis
Q1071837,Sciurus griseus
Q777282,Sciurus arizonensis
Q756912,Sciurus anomalus
Q182304,Puma yagouaroundi
Q308777,Funisciurus isabella
Q577533,Sciurus igniventris
Q508774,Sciurus variegatoides
Q468500,Sciurus carolinensis
Q375300,Sciurus yucatanensis
Q582376,Sciurus aestuans
Q1762496,Sciurus ignitus
Q1763836,Sciurus alleni
Q1764790,Maxomys surifer
Q515126,Arvicanthis niloticus
Q304487,Arvicanthis neumanni
Q1761193,Maxomys hellwaldii
Q1768136,Maxomys whiteheadi
Q275163,Neofelis diardi
Q838575,Sciurus lis
Q308478,Funisciurus congicus
Q21355817,Puma jagouaroundi
Q4388,Sciurus vulgaris
Q35255,Puma concolor
Q36135,Neofelis nebulosa
Q307207,Funisciurus leucogenys
Q596595,Oligoryzomys longicaudatus
Q653650,Ateles fusciceps
Q2442592,Reithrodontomys bakeri
Q388032,Ateles geoffroyi
Q929479,Ateles belzebuth
Q781191,Ateles paniscus
Q790630,Ateles hybridus
Q1766677,Oligoryzomys nigripes
Q1760881,Oligoryzomys fulvescens
Q280520,Ateles chamek
Q1766690,Oligoryzomys flavescens
Q131697,Salanoia durrelli
Q306715,Lasiopodomys fuscus
Q1770240,Microcavia australis
Q416568,Thallomys paedulcus
Q944704,Ateles marginatus
Q1041402,Mesocapromys sanfelipensis
Q307051,Kunsia fronto
Q308769,Lasiopodomys mandarinus
Q1764348,Oligoryzomys vegetus
Q1179430,Ameranthropoides loysi
Q1765740,Thallomys nigricauda
Q1767566,Kunsia tomentosus
Q790653,Salanoia concolor
Q1765900,Mesocapromys melanurus
Q307031,Lasiopodomys brandtii
Q856877,Mesocapromys angelcabrerai
Q48785067,Microcavia maenas
Q1763242,Oecomys trinitatis
Q175329,Felis margarita
Q204322,Felis bieti
Q204814,Felis nigripes
Q20980826,Felis catus
Q41083400,Felis javanensis
Q1764529,Oecomys bicolor
Q47482585,Felis lybica
Q42623,Felis chaus
Q43576,Felis silvestris
Q41083349,Felis gracilis
Q41083332,Felis euptilura
Q41083504,Felis sumatrana
Q309274,Prionailurus rubiginosus
Q274177,Prionailurus planiceps
Q190674,Prionailurus viverrinus
Q43730976,Mus rattus
Q42627,Prionailurus bengalensis
Q122661701,Mus zenik
Q122663190,Mus tandrek
Q60535704,Mus anomalus
Q1763595,Xerus rutilus
Q609173,Xerus inauris
Q972004,Xerus erythropus
Q79803,Cavia porcellus
Q1765019,Xerus princeps
Q162203,Cavia tschudii
Q597984,Sundamys maxi
Q122399863,Sciurus multicolor
Q122662360,Sciurus malabaricus
Q122664635,Sciurus aye
Q133763,Leopardus braccatus
Q192421,Leopardus wiedii
Q277147,Onychomys torridus
Q1350338,Cebus flavius
Q1763359,Oryzomys couesi
Q1769900,Onychomys leucogaster
Q1761964,Melomys cervinipes
Q1092084,Oryzomys palustris
Q205948,Leopardus tigrinus
Q311417,Leopardus pajeros
Q213047,Leopardus jacobita
Q1823945,Oryzomys peninsulae
Q211042,Leopardus guigna
Q210314,Leopardus colocolo
Q302604,Echiothrix leucura
Q943069,Onychomys arenicola
Q33261,Leopardus pardalis
Q42682,Leopardus geoffroyi
Q120514490,Leopardus narinensis
Q1763461,Oryzomys alfaroi
Q122936989,Leopardus japonensis
Q7105333,Oryzomys albiventer
Q41084117,Leopardus brachyurus
Q4006547,Ursus ladinicus
Q21684971,Saguinus illigeri
Q123991330,Saguinus subgrisescens
Q6116843,Saguinus fuscus
Q20083699,Saguinus lagonotus
Q15843769,Saguinus ursula
Q109647610,Ursus malayanus
Q1762911,Aeromys thomasi
Q1766902,Cavia intermedia
Q1769896,Cavia fulgida
Q1767781,Protoxerus stangeri
Q1762803,Cavia magna
Q679706,Cavia aperea
Q1767362,Aeromys tephromelas
Q307037,Eliurus myoxinus
Q1769391,Proechimys longicaudatus
Q1768493,Sciurus aureogaster
Q7434114,Sciurus ingrami
Q1765556,Sciurus nayaritensis
Q1769125,Sciurus colliaei
Q28839592,Sciurus meridionalis
Q1768414,Sciurus deppei
Q1769574,Sciurus pucheranii
Q1769870,Sciurus stramineus
Q261904,Saguinus nigricollis
Q338145,Saguinus fuscicollis
Q1762887,Petinomys sagitta
Q137528,Saguinus oedipus
Q775569,Saguinus midas
Q124410,Ursus thibetanus
Q114937,Saguinus imperator
Q592510,Saguinus mystax
Q934692,Saguinus labiatus
Q232625,Saguinus bicolor
Q934586,Saguinus geoffroyi
Q122783,Ursus americanus
Q530645,Saguinus tripartitus
Q1156948,Saguinus graellsi
Q111144936,Felis wenzensis
Q672895,Saguinus niger
Q1205801,Saguinus melanoleucus
Q1151198,Saguinus leucopus
Q33609,Ursus maritimus
Q36341,Ursus arctos
Q1352436,Saguinus inustus
Q1367750,Saguinus pileatus
Q1765528,Petinomys genibarbis
Q122360017,Felis jubata
Q122747967,Felis pajeros
Q123038044,Felis braccata
Q326998,Marmota caligata
Q742402,Marmota camtschatica
Q1535840,Marmota menzbieri
Q1767811,Tachyoryctes rex
Q1409213,Psammomys obesus
Q221612,Marmota monax
Q285884,Marmota marmota
Q838113,Marmota flaviventris
Q650126,Marmota bobak
Q1765844,Myospalax psilurus
Q1242811,Marmota olympus
Q784176,Tachyoryctes macrocephalus
Q326994,Marmota baibacina
Q922076,Marmota himalayana
Q1251864,Marmota sibirica
Q746636,Marmota vancouverensis
Q1470628,Marmota caudata
Q285018,Marmota broweri
Q30693726,Prionailurus javanensis
Q41007636,Myospalax baileyi
Q140,Panthera leo
Q34706,Panthera pardus
Q1763330,Tachyoryctes splendens
Q35694,Panthera onca
Q30197,Panthera uncia
Q19939,Panthera tigris
Q10872541,Myospalax fontanierii
Q1769385,Olallamys albicauda
Q22113833,Elasmotherium caucasicum
Q302685,Diplomys labilis
Q214633,Phodopus sungorus
Q838784,Phodopus campbelli
Q303877,Conilurus penicillatus
Q729420,Phodopus roborovskii
Q304103,Hapalomys delacouri
Q10758828,Erethizon dorsatum
Q10758828,Erethizon dorsata
Q912339,Galidictis grandidieri
Q303576,Diplomys caniceps
Q906970,Galidictis fasciata
Q1763189,Praomys daltoni
Q1768809,Melomys rufescens
Q139446,Dendromus mystacalis
Q644293,Rhabdomys pumilio
Q954578,Paraxerus flavovittis
Q1763005,Paraxerus poensis
Q306920,Dendromus lovati
Q307884,Aethomys chrysophilus
Q1767290,Aethomys namaquensis
Q1764869,Paraxerus cepapi
Q779879,Paraxerus alexandri
Q648942,Aethomys ineptus
Q1771060,Dendromus melanotis
Q1768799,Paraxerus boehmi
Q1770429,Paraxerus lucifer
Q611467,Rhabdomys dilectus
Q1766080,Paraxerus ochraceus
Q1762179,Paraxerus palliatus
Q216580,Myodes glareolus
Q718610,Niviventer coninga
Q608821,Myodes rutilus
Q998074,Varecia variegata
Q844638,Myodes rufocanus
Q205837,Cheirogaleus medius
Q516703,Varecia rubra
Q1768990,Phyllotis xanthopygus
Q1858082,Cheirogaleus adipicaudatus
Q306200,Ichthyomys hydrobates
Q1761613,Parotomys brantsii
Q1762482,Niviventer culturatus
Q1768463,Phyllotis darwini
Q2222261,Niviventer fulvescens
Q1765549,Myodes californicus
Q1766297,Niviventer cremoriventer
Q1764765,Myodes gapperi
Q1365590,Cheirogaleus crossleyi
Q305890,Ichthyomys stolzmanni
Q900992,Cheirogaleus major
Q28476855,Cheirogaleus thomasi
Q122214197,Cheirogaleus furcifer
Q47463260,Cheirogaleus grovesi
Q1764940,Delomys dorsalis
Q1762449,Oxymycterus nasutus
Q283426,Galictis vittata
Q1768299,Otomys orestes
Q512856,Brachytarsomys albicauda
Q1761406,Otomys sloggetti
Q1768211,Otomys jacksoni
Q238561,Galictis cuja
Q204175,Mesocricetus auratus
Q1765595,Epixerus ebii
Q751763,Lutra sumatrana
Q306168,Baiomys taylori
Q306677,Grammomys dolichurus
Q2122042,Lutra nippon
Q24266216,Lutra maculicollis
Q925103,Mesocricetus brandti
Q1762516,Iomys horsfieldii
Q305565,Baiomys musculus
Q305861,Abrothrix longipilis
Q29995,Lutra lutra
Q1767506,Scotinomys teguina
Q23907,Acinonyx jubatus
Q600654,Monachus tropicalis
Q1765757,Pseudomys bolami
Q852782,Hydromys chrysogaster
Q1766467,Microtus californicus
Q695199,Monachus schauinslandi
Q208549,Monachus monachus
Q1768372,Microtus chrotorrhinus
Q1762835,Pseudomys australis
Q1767530,Pseudomys novaehollandiae
Q1768605,Microtus longicaudus
Q747319,Pseudomys higginsi
Q1763354,Pseudomys oralis
Q1765364,Pseudomys fumeus
Q1764689,Microtus mexicanus
Q1764566,Pseudomys hermannsburgensis
Q1768922,Pseudomys gracilicaudatus
Q1769418,Pseudomys delicatulus
Q1761683,Microtus miurus
Q131907,Lynx rufus
Q10584958,Microtus obscurus
Q1762442,Pseudomys pilligaensis
Q1762934,Sphiggurus villosus
Q1769449,Microtus xanthognathus
Q146457,Lynx canadensis
Q30693238,Lynx spelaea
Q1065679,Pseudomys desertor
Q1762238,Pseudomys shortridgei
Q1766437,Sphiggurus vestitus
Q1766353,Pseudomys occidentalis
Q1766425,Sphiggurus spinosus
Q129727,Lynx pardinus
Q1768327,Sphiggurus mexicanus
Q1761887,Microtus abbreviatus
Q43375,Lynx lynx
Q1762756,Stylodipus telum
Q1767097,Petaurista philippensis
Q1763296,Malacomys longipes
Q1769347,Petaurista nobilis
Q933081,Rhynchomys soricoides
Q734433,Rhynchomys tapulao
Q3018463,Tokudaia tokunoshimensis
Q194313,Dolichotis patagonum
Q249579,Lepilemur edwardsi
Q1030670,Chiropotes albinasus
Q1761767,Arborimus longicaudus
Q1764583,Notomys cervinus
Q1770872,Otomys irroratus
Q1880983,Batomys hamiguitan
Q1140251,Chiropotes satanas
Q1764254,Notomys mitchellii
Q1767950,Vandeleuria oleracea
Q306569,Batomys salomonseni
Q2299022,Rhizomys sumatrensis
Q302085,Batomys granti
Q255609,Pithecia aequatorialis
Q556483,Lepilemur ankaranensis
Q233936,Lepilemur septentrionalis
Q2112404,Rhizomys pruinosus
Q2583168,Rhizomys sinensis
Q20721793,Chiropotes sagulatus
Q301762,Crunomys fallax
Q1764078,Vandeleuria nilagirica
Q140019,Lepilemur milanoii
Q584768,Pithecia monachus
Q168013,Chiropotes chiropotes
Q201387,Lepilemur microdon
Q1766478,Zyzomys pedunculatus
Q307316,Auliscomys boliviensis
Q309313,Auliscomys pictus
Q146477,Notomys fuscus
Q195350,Dolichotis salinicola
Q305850,Bathyergus janetta
Q388733,Lepilemur sahamalazensis
Q1209234,Chiropotes utahickae
Q302159,Bathyergus suillus
Q901749,Chiropotes israelita
Q1060476,Notomys alexis
Q122411957,Bathyergus splendens
Q1766285,Berylmys bowersi
Q1767937,Arborimus albipes
Q308783,Abrothrix sanborni
Q849419,Alouatta pigra
Q951736,Alouatta coibensis
Q1577469,Lemmus sibiricus
Q1760907,Millardia gleadowi
Q1070483,Alouatta palliata
Q583362,Alouatta seniculus
Q1971728,Mastomys coucha
Q819985,Lemmus lemmus
Q739571,Alouatta belzebul
Q790592,Alouatta guariba
Q856342,Alouatta caraya
Q1761993,Zapus hudsonius
Q891380,Alouatta sara
Q1761383,Mastomys natalensis
Q1761999,Phloeomys pallidus
Q301535,Arvicola sapidus
Q1206162,Alouatta macconnelli
Q1769958,Arvicola scherman
Q1769625,Lemmus trimucronatus
Q1767498,Phloeomys cumingi
Q1207240,Alouatta discolor
Q1765037,Zelotomys woosnami
Q1207246,Alouatta puruensis
Q1766564,Zapus trinotatus
Q507366,Aegialomys galapagoensis
Q1207222,Alouatta arctoidea
Q1353803,Alouatta juara
Q1767105,Steatomys krebsii
Q1768821,Pogonomys macrourus
Q309205,Gerbillus burtoni
Q1767384,Zapus princeps
Q27016,Arvicola amphibius
Q1762854,Lemmus portenkoi
Q122871935,Viverra fossa
Q599917,Peromyscus boylii
Q1766030,Peromyscus melanocarpus
Q732863,Peromyscus leucopus
Q649836,Peromyscus maniculatus
Q1768203,Peromyscus eremicus
Q1770327,Peromyscus californicus
Q779066,Peromyscus truei
Q575053,Peromyscus polionotus
Q959378,Peromyscus gossypinus
Q1769605,Peromyscus difficilis
Q1768362,Peromyscus madrensis
Q947078,Peromyscus pectoralis
Q1762540,Peromyscus keeni
Q1767845,Peromyscus ochraventer
Q1768730,Peromyscus melanotis
Q1768448,Peromyscus mexicanus
Q107404432,Peromyscus gambelii
Q1763106,Peromyscus megalops
Q1767093,Peromyscus bullatus
Q1050207,Peromyscus slevini
Q2578667,Peromyscus fraterculus
Q1761755,Peromyscus simulus
Q107404806,Peromyscus sonoriensis
Q308778,Heliosciurus punctatus
Q766515,Meriones persicus
Q1766124,Spalax nehringi
Q1766970,Sciurotamias davidianus
Q1761186,Meriones shawi
Q226735,Ictonyx striatus
Q326976,Tamiasciurus hudsonicus
Q1770166,Meriones hurrianae
Q1769338,Meriones crassus
Q1766096,Meriones libycus
Q243339,Pteromys volans
Q1761490,Meriones meridianus
Q89875686,Tamiasciurus fremonti
Q1769116,Kerodon rupestris
Q548962,Spalax leucodon
Q649817,Meriones unguiculatus
Q304195,Heliosciurus gambianus
Q308766,Heliosciurus undulatus
Q386410,Tamiasciurus douglasii
Q1515902,Nesokia indica
Q1764874,Hylopetes nigripes
Q1766018,Spalax zemni
Q1769309,Spalax giganteus
Q1762425,Meriones tamariscinus
Q309306,Heliosciurus rufobrachium
Q739098,Meriones tristrami
Q1762357,Hylopetes phayrei
Q1761800,Kerodon acrobata
Q1763483,Heliosciurus mutabilis
Q1769291,Microsciurus flaviventer
Q82434,Spalax microphthalmus
Q785344,Hylopetes alboniger
Q308785,Heliosciurus ruwenzorii
Q1080898,Microsciurus mimulus
Q1769260,Mallomys gunung
Q1762156,Tamiasciurus mearnsi
Q1766146,Meriones arimalius
Q30772,Ictonyx libyca
Q580210,Spalax arenarius
Q1766561,Pteromys momonga
Q21727757,Otospermophilus atricapillus
Q1763870,Ammospermophilus interpres
Q307085,Hapalemur griseus
Q748208,Ammospermophilus leucurus
Q1764884,Ammospermophilus harrisii
Q775192,Hapalemur aureus
Q20980531,Arvicola terrestris
Q571320,Hapalemur meridionalis
Q962570,Hapalemur occidentalis
Q308775,Ammospermophilus nelsoni
Q575671,Hapalemur alaotrensis
Q208486,Leontopithecus rosalia
Q747834,Lepilemur leucopus
Q842799,Prionodon linsang
Q1765105,Capromys gundlachianus
Q775442,Leontopithecus chrysomelas
Q1140418,Brachyteles arachnoides
Q290591,Leontopithecus chrysopygus
Q1065007,Leontopithecus caissara
Q836308,Capromys pilorides
Q559289,Brachyteles hypoxanthus
Q832345,Pithecia pithecia
Q956345,Lepilemur mustelinus
Q1116881,Lepilemur aeeclis
Q1764626,Phenacomys ungava
Q1769250,Saccostomus campestris
Q1344102,Prionodon pardicolor
Q20721687,Pithecia milleri
Q20721751,Pithecia vanzolinii
Q307908,Bullimus bagobus
Q960437,Calomys laucha
Q960793,Pithecia irrorata
Q1152347,Lepilemur ruficaudatus
Q1209803,Lepilemur hubbardorum
Q25386850,Pithecia inusta
Q20721736,Pithecia napensis
Q306796,Calomys hummelincki
Q1768308,Trinomys myosuros
Q25384584,Pithecia hirsuta
Q664080,Lepilemur scottorum
Q1210741,Lepilemur tymerlachsoni
Q1351289,Lepilemur dorsalis
Q1365695,Lepilemur randrianasoloi
Q21306286,Pithecia rylandsi
Q885029,Pithecia albicans
Q1209742,Lepilemur petteri
Q20687107,Pithecia chrysocephala
Q122664383,Viverra civette
Q839828,Lontra longicaudis
Q327028,Lontra canadensis
Q644224,Lontra felina
Q840714,Lontra provocax
Q969373,Prolemur simus
Q301337,Euryzygomatomys spinosus
Q1934073,Galea monasteriensis
Q477364,Lagurus lagurus
Q788595,Geocapromys ingrahami
Q1768933,Eospalax fontanierii
Q10525386,Holochilus magnus
Q305695,Galea spixii
Q1141864,Cacajao melanocephalus
Q12760339,Cacajao calvus ucayalii
Q13422405,Spalax ehrenbergi
Q1094722,Glaucomys sabrinus
Q913350,Glaucomys volans
Q1762363,Holochilus brasiliensis
Q377612,Cacajao calvus
Q673224,Geocapromys brownii
Q12760339,Cacajao ucayalii
Q4862701,Mysateles prehensilis
Q305634,Eolagurus przewalskii
Q20898297,Galea tixiensis
Q122750819,Pteromys genibarbis
Q122912713,Pteromys grandis
Q15195839,Coryphomys musseri
Q19309316,Cacajao ouakary
Q536621,Sicista subtilis
Q1770247,Thrichomys apereoides
Q301508,Chrotomys whiteheadi
Q2171399,Coendou quichua
Q4680586,Canariomys tamarani
Q302125,Crateromys schadenbergi
Q302539,Lemniscomys striatus
Q1761558,Coendou nycthemera
Q1765575,Coendou rothschildi
Q28155021,Coendou spinosus
Q28155036,Coendou melanurus
Q28155424,Coendou rufescens
Q688610,Coendou prehensilis
Q751958,Sicista betulina
Q131538,Hydrochoerus hydrochaeris
Q1768287,Chrotomys silaceus
Q1769911,Coendou bicolor
Q64876009,Sicista trizona
Q2461473,Coendou sanctamartae
Q18764,Paradoxurus hermaphroditus
Q303971,Cremnomys cutchicus
Q21251290,Coendou baturitensis
Q28155009,Coendou vestitus
Q28155035,Coendou mexicanus
Q913784,Eulemur collaris
Q790691,Eulemur fulvus
Q543695,Eulemur mongoz
Q1766328,Leporillus conditor
Q845974,Eulemur rubriventer
Q151910,Eulemur coronatus
Q249153,Eulemur rufifrons
Q520434,Eulemur rufus
Q1150284,Eulemur albifrons
Q1770140,Tylomys watsoni
Q882366,Eulemur flavifrons
Q787633,Eulemur sanfordi
Q1760949,Tylomys panamensis
Q302902,Beamys hindei
Q282660,Chionomys nivalis
Q55332,Eulemur macaco
Q257082,Hystrix sumatrae
Q844662,Melogale personata
Q188657,Hyaena hyaena
Q389266,Viverra civettina
Q757265,Viverra zibetha
Q1576038,Meles anakuma
Q912020,Melogale orientalis
Q918089,Bassaricyon gabbii
Q1187101,Mico rondoni
Q1763804,Hystrix crassispinis
Q66087868,Mico munduruku
Q16718009,Mico melanurus
Q14592562,Bassaricyon neblina
Q966901,Viverra tangalunga
Q107473188,Melogale subaurantiaca
Q14617469,Bassaricyon medius
Q20873581,Mico argentatus
Q244277,Aonyx cinerea
Q20890524,Mico humeralifer
Q728454,Meles leucurus
Q1206327,Mico chrysoleucos
Q46605397,Aonyx congicus
Q41088829,Viverra abyssinica
Q150587,Bassaricyon pauli
Q20873070,Mico nigriceps
Q332414,Melogale moschata
Q922292,Viverra megaspila
Q23772769,Catopuma temminckii
Q46148,Aonyx capensis
Q20890500,Mico chrysoleucus
Q21073205,Mico emiliae
Q688655,Bassaricyon alleni
Q1767321,Hystrix pumila
Q27066,Meles meles
Q122170380,Viverra putorius
Q122661601,Viverra cafra
Q122664316,Viverra civetta
Q28154771,Mico intermedius
Q46605397,Aonyx capensis congica
Q20888577,Mico mauesi
Q20890512,Mico leucippe
Q107862543,Mico schneideri
Q1353783,Lagothrix lugens
Q838808,Lagothrix lagotricha
Q1764614,Rhipidomys leucodactylus
Q1193508,Lagothrix cana
Q1767834,Thomasomys monochromos
Q120290598,Mysateles melanurus
Q112242045,Cacajao novaesi
Q23498679,Eospalax baileyi
Q588724,Rhipidomys mastacalis
Q30139134,Glaucomys oregonensis
Q111850748,Eospalax muliensis
Q1353794,Lagothrix poeppigii
Q40983986,Cacajao rubicundus
Q209516,Micromys minutus
Q185385,Lemur catta
Q27179,Neovison vison
Q306551,Crateromys heaneyi
Q646000,Dactylomys dactylinus
Q818737,Lemniscomys barbarus
Q2539773,Cricetulus griseus
Q788391,Cricetulus migratorius
Q1761979,Reithrodon auritus
Q1770542,Cricetomys gambianus
Q1040804,Hydrochoerus isthmius
Q1768323,Lemniscomys rosalia
Q19298222,Paradoxurus musangus
Q305725,Isothrix bistriata
Q559044,Paradoxurus zeylonensis
Q18923190,Paradoxurus philippinensis
Q305848,Eothenomys melanogaster
Q1414665,Paradoxurus jerdoni
Q7134476,Paradoxurus aureus
Q302328,Echimys chrysurus
Q307235,Cricetomys emini
Q1768675,Mesomys hispidus
Q1094383,Petaurista alborufus
Q920382,Jaculus jaculus
Q303324,Callithrix argentata
Q1193747,Petaurista petaurista
Q222734,Papagomys theodorverhoeveni
Q244361,Callithrix pygmaea
Q658648,Leopoldamys sabanus
Q1150927,Phaner furcifer
Q1765345,Petaurista leucogenys
Q737953,Phaner pallescens
Q303532,Jaculus orientalis
Q1498073,Petaurista elegans
Q1769609,Nectomys apicalis
Q112204589,Thomasomys burneoi
Q1761067,Papagomys armandvillei
Q730903,Petaurista magnificus
Q1206299,Callithrix mauesi
Q123000792,Lagothrix castelnaui
Q789992,Bandicota bengalensis
Q1767310,Bandicota indica
Q133189,Nyctereutes procyonoides
Q21730465,Urocitellus columbianus
Q21730517,Urocitellus richardsonii
Q22111299,Nannospalax leucodon
Q754737,Lutrogale perspicillata
Q21730506,Urocitellus parryii
Q21730578,Urocitellus washingtoni
Q192231,Profelis aurata
Q21730495,Urocitellus mollis
Q40569039,Urocitellus endemicus
Q21729942,Urocitellus armatus
Q21730473,Urocitellus elegans
Q30847,Caracal caracal
Q122839943,Nyctereutes albus
Q21730106,Urocitellus beldingi
Q21730347,Urocitellus brunneus
Q21730529,Urocitellus townsendii
Q28157482,Parahyaena brunnea
Q549826,Hystrix brachyura
Q1080880,Hystrix javanica
Q21727451,Callospermophilus lateralis
Q21729762,Xerospermophilus mohavensis
Q603590,Notocitellus adocetus
Q1770179,Neotamias ruficaudus
Q24662784,Eutamias sibiricus
Q21727467,Callospermophilus madrensis
Q21729782,Xerospermophilus spilosoma
Q21731181,Neotamias rufus
Q21731252,Neotamias umbrinus
Q24662791,Neotamias quadrimaculatus
Q21727486,Callospermophilus saturatus
Q24662794,Neotamias townsendii
Q21730871,Neotamias amoenus
Q21731135,Neotamias quadrivittatus
Q21755532,Xerospermophilus tereticaudus
Q41407,Enhydra lutris
Q16653212,Lartetotherium sansaniense
Q28154731,Soricomys kalinga
Q820258,Echinoprocta rufescens
Q208077,Cricetus cricetus
Q302616,Hoplomys gymnurus
Q107089227,Eupetaurus tibetensis
Q254630,Potos flavus
Q83774,Pteronura brasiliensis
Q894229,Chaetomys subspinosus
Q301578,Kannabateomys amblyonyx
Q1070489,Oreonax flavicauda
Q388627,Osgoodomys banderanus
Q1449308,Ochrotomys nuttalli
Q107089095,Eupetaurus nivamons
Q518580,Galidia elegans
Q1547417,Syntheosciurus brochus
Q899221,Pseudoryzomys simplex
Q1404332,Eupetaurus cinereus
Q1482523,Biswamoyopterus biswasi
Q80763,Pachyuromys duprasi
Q893959,Rheithrosciurus macrotis
Q1293135,Lenomys meyeri
Q1482249,Cardiocranius paradoxus
Q852756,Poecilogale albinucha
Q1415843,Nyctomys sumichrasti
Q1425024,Neofiber alleni
Q1549490,Ototylomys phyllotis
Q1321166,Lundomys molitor
Q1397630,Trogopterus xanthipes
Q302775,Callistomys pictus
Q1765287,Uranomys ruddi
Q1768659,Pteromyscus pulverulentus
Q302881,Heliophobius argenteocinereus
Q769742,Cannomys badius
Q929776,Dipus sagitta
Q1764515,Wilfredomys oenax
Q276290,Heterocephalus glaber
Q744382,Arctonyx collaris
Q232129,Taxidea taxus
Q45595,Thomomys townsendii
Q63872,Heteromys anomalus
Q70529,Vormela peregusna
Q127360,Desmodillus auricularis
Q302937,Diplothrix legata
Q1769015,Thomomys talpoides
Q1474858,Aeretes melanopterus
Q1394826,Xeromys myoides
Q1762716,Lemmiscus curtatus
Q84067,Heteromys nelsoni
Q757289,Atlantoxerus getulus
Q1770749,Thomomys bulbivorus
Q1497037,Thomomys bottae
Q301528,Georychus capensis
Q1738532,Deltamys kempi
Q1360095,Belomys pearsonii
Q19717139,Arctonyx albogularis
Q45586,Thomomys mazama
Q45589,Thomomys umbrinus
Q63874,Heteromys desmarestianus
Q912425,Euchoreutes naso
Q1768052,Thomomys clusius
Q42699,Leptailurus serval
Q45526,Thomomys monticola
Q665347,Myopus schisticolor
Q74648,Mystromys albicaudatus
Q1769097,Rhombomys opimus
Q256811,Malpaisomys insularis
Q309120,Thaptomys nigrita
Q605420,Neotomodon alstoni
Q173128,Mellivora capensis
Q852793,Lophiomys imhausi
Q912126,Ictidomys mexicanus
Q1761443,Napaeozapus insignis
Q630875,Mastacomys fuscus
Q247774,Eira barbara
Q1017417,Sekeetamys calurus
Q16753923,Ictidomys parvidens
Q14334,Gulo gulo
Q26283,Ondatra zibethicus
Q1761864,Prionomys batesi
Q122750443,Gulo orientalis
Q3879909,Nurocyon chonokhariensis
Q40642,Otonyctomys hatti
Q612589,Macrogalidia musschenbroekii
Q741524,Hystrix indica
Q853294,Lyncodon patagonicus
Q907863,Allocebus trichotis
Q844420,Hystrix africaeaustralis
Q241256,Civettictis civetta
Q213141,Arctictis binturong
Q262307,Hystrix cristata
Q145016,Melursus ursinus
Q181565,Eupleres goudotii
Q734351,Viverricula indica
Q754393,Hemigalus derbyanus
Q95573837,Cebuella niveiventris
Q1431061,Paralouatta varonai
Q166794,Otocolobus manul
Q144923,Helarctos malayanus
Q559050,Diplogale hosei
Q577677,Hydrictis maculicollis
Q14850405,Cebuella pygmaea
Q28154838,Allochrocebus solatus
Q21726500,Poliocitellus franklinii
Q185677,Mungotictis decemlineata
Q626049,Paguma larvata
Q842805,Arctogalidia trivirgata
Q541053,Cynogale bennettii
Q304113,Madromys blanfordi
Q148559,Paucidentomys vermidax
Q1027933,Brachiones przewalskii
Q28154834,Allochrocebus lhoesti
Q301014,Chrotogale owstoni
Q525088,Fossa fossana
Q28154836,Allochrocebus preussi
Q56120524,Plecturocebus donacophilus
Q21074188,Hyorhinomys stuempkei
Q99194704,Scarturus elater
Q306854,Allactaga tetradactyla
Q56120808,Plecturocebus ornatus
Q339233,Scarturus elater
Q56088124,Plecturocebus aureipalatii
Q56116672,Plecturocebus moloch
Q56120707,Plecturocebus oenanthe
Q50863,Plecturocebus vieirai
Q56116516,Plecturocebus caquetensis
Q56116567,Plecturocebus discolor
Q56120821,Plecturocebus pallescens
Q56088164,Plecturocebus baptista
Q56116551,Plecturocebus cupreus
Q56120636,Cheracebus lugens
Q61021142,Guerlinguetus aestuans
Q56120558,Cheracebus lucifer
Q59256859,Plecturocebus grovesi
Q116233631,Scarturus tetradactylus
Q56116539,Plecturocebus cinerascens
Q124045730,Plecturocebus toppini
Q27450846,Herpailurus yagouaroundi
Q41165800,Macacus gelada
Q122213285,Midas devillei
Q123003009,Midas pileatus
Q99217639,Urva vitticolla
Q61053340,Notosciurus granatensis
Q116910164,Neogale vison
Q122759313,Urva javanica
Q123862361,Urva edwardsii
Q123900653,Urva auropunctata
Q123913995,Urva urva
Q61053296,Notosciurus pucheranii
Q99217642,Urva semitorquata
Q99217645,Urva brachyura
Q99217582,Urva fusca
Q99217640,Urva smithii
Q111446938,Xanthonycticebus pygmaeus
Q4126704,Pan troglodytes
Q19537,Pan paniscus
Q543424,Pongo abelii
Q737838,Gorilla gorilla
Q599672,Pongo pygmaeus
Q307157,Gorilla beringei
Q42564025,Pongo tapanuliensis
Q189484,Papio hamadryas
Q748929,Papio papio
Q257670,Papio ursinus
Q208561,Papio anubis
Q10372275,Sivapithecus sivalensis
Q27333835,Micaelamys namaquensis
Q751636,Papio cynocephalus
Q27986705,Papio kindae
Q156606,Macaca mulatta
Q506518,Macaca silenus
Q301676,Macaca fascicularis
Q191781,Macaca fuscata
Q520949,Macaca radiata
Q266955,Macaca arctoides
Q199962,Macaca sylvanus
Q280590,Macaca nigra
Q716628,Macaca munzala
Q713841,Macaca cyclopis
Q669594,Macaca sinica
Q913765,Macaca leonina
Q854566,Macaca thibetana
Q618026,Macaca nemestrina
Q738925,Macaca assamensis
Q790684,Macaca tonkeana
Q770434,Macaca pagensis
Q913762,MacaquiÃ±o de Noruega que le gusta cantar
Q1074459,Macaca ochreata
Q1195203,Macaca nigrescens
Q19800858,Macaca leucogenys
Q16661860,Macaca florentina
Q577084,Hoolock hoolock
Q602511,Hoolock leuconedys
Q476930,Saimiri sciureus
Q834329,Saimiri boliviensis
Q1266116,Saimiri vanzolinii
Q1150922,Saimiri oerstedii
Q281736,Saimiri ustus
Q41088164,Saimiri macrodon
Q18650090,Saimiri collinsi
Q60607308,Saimiri cassiquiarensis
Q682347,Miopithecus talapoin
Q691238,Cercopithecus pogonias
Q724362,Cercopithecus diana
Q636075,Cercopithecus roloway
Q667252,Cercopithecus mitis
Q899825,Cercopithecus ascanius
Q997728,Cercopithecus albogularis
Q883005,Cercopithecus cephus
Q591207,Cercopithecus petaurista
Q307052,Cercopithecus lhoesti
Q1077117,Cercopithecus hamlyni
Q1075064,Cercopithecus dryas
Q568895,Miopithecus ogouensis
Q305093,Cercopithecus campbelli
Q1074505,Cercopithecus wolfi
Q391532,Cercopithecus sclateri
Q775343,Cercopithecus kandti
Q937321,Cercopithecus doggetti
Q301031,Cercopithecus neglectus
Q548700,Cercopithecus denti
Q27926,Cercopithecus lomamiensis
Q1202704,Cercopithecus solatus
Q1193818,Cercopithecus nictitans
Q1194880,Cercopithecus mona
Q1209768,Cercopithecus lowei
Q1150237,Cercopithecus erythrogaster
Q1360620,Cercopithecus erythrotis
Q1202893,Cercopithecus preussi
Q41081597,Cercopithecus pluto
Q122212906,Cercopithecus werneri
Q521977,Colobus satanas
Q838947,Callithrix jacchus
Q305615,Dicrostonyx torquatus
Q998685,Callithrix penicillata
Q949200,Colobus polykomos
Q934635,Callithrix geoffroyi
Q628239,Colobus guereza
Q1768611,Dicrostonyx hudsonius
Q109379034,Colobus caudatus
Q588728,Callithrix kuhlii
Q1152335,Callithrix flaviceps
Q1150912,Callithrix aurita
Q541813,Colobus angolensis
Q546456,Colobus vellerosus
Q1769824,Dicrostonyx nelsoni
Q756080,Rhinopithecus roxellana
Q291103,Rhinopithecus brelichi
Q1204873,Rhinopithecus bieti
Q179225,Lophocebus aterrimus
Q1016718,Rhinopithecus strykeri
Q636490,Lophocebus albigena
Q1075873,Lophocebus ugandae
Q980085,Semnopithecus hypoleucos
Q817180,Semnopithecus entellus
Q509143,Semnopithecus schistaceus
Q1206256,Semnopithecus hector
Q1194850,Semnopithecus dussumieri
Q1208862,Semnopithecus priam
Q101500289,Semnopithecus vetulus
Q103928246,Semnopithecus johnii
Q41167918,Semnopithecus pyrrhus
Q122750709,Semnopithecus maurus
Q1766548,Abrocoma bennettii
Q941896,Cuscomys oblativus
Q18818,Rhinopithecus avunculus
Q189868,Mandrillus sphinx
Q221434,Mandrillus leucophaeus
Q777869,Procolobus verus
Q21948573,Procolobus preussi
Q212185,Apodemus sylvaticus
Q1764578,Oenomys hypoxanthus
Q216871,Apodemus flavicollis
Q305911,Apodemus speciosus
Q631822,Apodemus agrarius
Q1768540,Apodemus argenteus
Q1761761,Apodemus peninsulae
Q305458,Apodemus semotus
Q9625978,Apodemus witherbyi
Q604026,Apodemus mystacinus
Q3325387,Apodemus uralensis
Q302765,Apodemus alpicola
Q14025340,Apodemus arianus
Q302529,Apodemus pallipes
Q153433,Nomascus gabriellae
Q3818411,Piliocolobus epieni
Q998141,Nomascus leucogenys
Q1075133,Piliocolobus badius
Q1195996,Nomascus nasutus
Q913807,Piliocolobus kirkii
Q1365814,Nomascus siki
Q1194811,Piliocolobus rufomitratus
Q921022,Piliocolobus gordonorum
Q1367324,Piliocolobus tephrosceles
Q22675314,Piliocolobus temminckii
Q1206196,Piliocolobus preussi
Q1206339,Piliocolobus pennantii
Q960477,Nomascus hainanus
Q28730941,Hyracodon nebraskensis
Q304672,Carpomys phaeurus
Q208043,Hylobates lar
Q301053,Hylobates pileatus
Q838962,Hylobates agilis
Q845938,Hylobates muelleri
Q663728,Hylobates moloch
Q306616,Carpomys melanurus
Q1247887,Presbytis melalophos
Q570704,Hylobates klossii
Q1112463,Presbytis chrysomelas
Q285813,Presbytis comata
Q104248290,Presbytis canicrus
Q1193851,Presbytis rubicunda
Q41087741,Presbytis robinsoni
Q1721268,Hylobates albibarbis
Q1345391,Presbytis thomasi
Q374384,Presbytis femoralis
Q936878,Presbytis frontata
Q1365651,Presbytis siamensis
Q29578698,Hylobates funereus
Q631717,Presbytis potenziani
Q856324,Presbytis hosei
Q123000019,Hylobates hoolock
Q123049383,Procolobus tephrosceles
Q257470,Chlorocebus aethiops
Q1365754,Cercocebus atys
Q301038,Cercocebus torquatus
Q576469,Cercocebus chrysogaster
Q857996,Chlorocebus sabaeus
Q8985570,Chlorocebus pygerythrus
Q547982,Cercocebus galeritus
Q1202598,Chlorocebus cynosuros
Q20688544,Trachypithecus crepusculus
Q1344965,Cercocebus agilis
Q25391251,Cercocebus lunulatus
Q804876,Chlorocebus djamdjamensis
Q20721794,Trachypithecus mauritius
Q20721803,Trachypithecus selangorensis
Q591886,Pygathrix cinerea
Q1206211,Cercocebus sanjei
Q117256753,Chlorocebus dryas
Q20181763,Trachypithecus margarita
Q1154701,Chlorocebus tantalus
Q28466511,Trachypithecus leucocephalus
Q838944,Pygathrix nemaeus
Q959360,Pygathrix nigripes
Q83310,Mus musculus
Q508534,Mus spretus
Q213889,Symphalangus syndactylus
Q962616,Mus spicilegus
Q1762476,Lophuromys sikapusi
Q3456711,Lophuromys ansorgei
Q192029,Nasalis larvatus
Q752467,Manis crassicaudata
Q253966,Acomys cahirinus
Q842283,Manis pentadactyla
Q1761264,Mus musculoides
Q1769061,Acomys seurati
Q1769237,Acomys cilicicus
Q386974,Mus minutoides
Q1770435,Acomys russatus
Q406829,Mus indutus
Q304006,Acomys percivali
Q478533,Callicebus lugens
Q1765953,Acomys dimidiatus
Q1767626,Mus mattheyi
Q617979,Simias concolor
Q304975,Acomys minous
Q1762036,Mus pahari
Q556305,Microtus subterraneus
Q703702,Microtus oeconomus
Q1075145,Cebus xanthosternos
Q1194885,Cebus libidinosus
Q1061964,Cebus apella
Q285648,Cebus nigritus
Q243727,Microtus arvalis
Q1761552,Microtus townsendii
Q1765085,Microtus pennsylvanicus
Q1766554,Microtus socialis
Q716249,Microtus kikuchii
Q1765289,Microtus pinetorum
Q169682,Cebus olivaceus
Q264793,Microtus agrestis
Q585189,Cebus capucinus
Q743640,Microtus guentheri
Q1761713,Microtus montanus
Q1762952,Microtus tatricus
Q1767932,Microtus oregoni
Q2630438,Cebus robustus
Q703694,Microtus levis
Q812250,Microtus bavaricus
Q1350618,Callicebus lucifer
Q22675351,Cebus leucocephalus
Q620783,Microtus fortis
Q978156,Microtus limnophilus
Q1765454,Microtus breweri
Q34270937,Cebus cuscinus
Q1195979,Cebus albifrons
Q1768744,Microtus lusitanicus
Q20224949,Cebus yuracus
Q1769453,Microtus montebelli
Q1764152,Microtus savii
Q31836365,Cebus imitator
Q81655062,Cebus malitiosus
Q81849002,Cebus castaneus
Q1768247,Tatera indica
Q504496,Erythrocebus patas
Q109647115,Cebus macrocephalus
Q1095135,Microtus ochrogaster
Q1763177,Mindomys hammondi
Q194080,Theropithecus gelada
Q111793153,Chilomys carapazi
Q1721071,Golunda ellioti
Q6121681,Sapajus robustus
Q1977262,Sapajus cay
Q28154779,Sapajus flavius
Q28154786,Sapajus libidinosus
Q29578888,Eremoryzomys mesocaudis
Q111233820,Mindomys kutuku
Q24170509,Sapajus nigritus
Q27980462,Sapajus macrocephalus
Q19486,Allenopithecus nigroviridis
Q28154803,Sapajus xanthosternos
Q18324712,Sapajus apella
Q124088882,Cebus aequatorialis
Q50814728,Erythrocebus poliophaeus
Q113865570,Cebus brunneus
Q284417,Dinomys branickii
Q306807,Allactaga severtzovi
Q329187,Tamias sibiricus
Q1202585,Callithrix melanura
Q1044166,Callicebus moloch
Q1350681,Callicebus nigrifrons
Q1768701,Spermophilus brunneus
Q592999,Callithrix emiliae
Q1205724,Callithrix nigriceps
Q1763203,Sooretamys angouya
Q1763589,Spermophilus elegans
Q280835,Callicebus personatus
Q1768056,Spermophilus townsendii
Q473453,Callicebus baptista
Q1107227,Callicebus coimbrai
Q1365740,Callicebus discolor
Q581519,Callicebus donacophilus
Q1767775,Spermophilus madrensis
Q767419,Callicebus pallescens
Q1761651,Allactaga sibirica
Q901191,Callicebus brunneus
Q1202679,Callithrix leucippe
Q1365658,Callicebus ornatus
Q1365833,Callicebus bernhardi
Q1766156,Spermophilus washingtoni
Q206273,Callimico goeldii
Q41529880,Gyldenstolpia fronto
Q1365685,Callicebus melanochir
Q1766952,Spermophilus tereticaudus
Q953910,Spermophilus atricapillus
Q1768304,Allactaga major
Q305300,Callicebus cinerascens
Q1202725,Callithrix humeralifera
Q531971,Reithrodontomys megalotis
Q1762859,Reithrodontomys raviventris
Q1764203,Neotoma mexicana
Q1767111,Reithrodontomys humulis
Q1770274,Salpingotus crassicauda
Q1766870,Neotoma floridana
Q1017409,Neotoma cinerea
Q1769190,Neotoma lepida
Q1367837,Synaptomys cooperi
Q1763478,Neotoma macrotis
Q302166,Ellobius talpinus
Q1768616,Reithrodontomys microdon
Q1766449,Neotoma magister
Q139408,Neotoma goldmani
Q303524,Alticola argentatus
Q1763729,Neotoma fuscipes
Q1769409,Neotoma albigula
Q1769785,Neotoma leucodon
Q1087470,Salpingotus pallidus
Q1767175,Reithrodontomys gracilis
Q306997,Akodon albiventer
Q1769403,Neotoma micropus
Q1770506,Ellobius lutescens
Q548541,Microtus gregalis
Q304641,Ellobius tancrei
Q304815,Alticola stoliczkanus
Q1761959,Akodon azarae
Q269728,Manis javanica
Q386738,Manis gigantea
Q752350,Manis tricuspis
Q262560,Manis tetradactyla
Q1339663,Manis culionensis
Q28173098,Phataginus tetradactyla
Q11512481,Nipponanthropus akashiensis
Q306591,Gerbillurus paeba
Q941564,Sigmodon hispidus
Q306809,Gerbillus tarabuli
Q654815,Dipodillus dasyurus
Q1763449,Sigmodon mascotensis
Q1766647,Gerbilliscus brantsii
Q1769770,Dipodillus campestris
Q677267,Uromys caudimaculatus
Q1765950,Gerbillus nanus
Q1770032,Sigmodon arizonae
Q307860,Dipodillus simoni
Q1764463,Sigmodon hirsutus
Q1765449,Acomys subspinosus
Q1770129,Sigmodon ochrognathus
Q1761619,Gerbilliscus leucogaster
Q1760991,Gerbilliscus kempi
Q1764494,Gerbillus perpallidus
Q1769782,Sigmodon fulviventer
Q979394,Gerbillus pyramidum
Q1766332,Gerbillus cheesmani
Q303653,Gerbillus watersi
Q1768735,Gerbillus gerbillus
Q94699046,Leontocebus tripartitus
Q94697702,Leontocebus fuscicollis
Q22675245,Leontocebus weddelli
Q25384553,Leontocebus cruzlimai
Q94697916,Leontocebus nigricollis
Q23794940,Gracilimus radix
Q20181720,Leontocebus leucogenys
Q94969241,Leontocebus lagonotus
Q92275767,Leontocebus illigeri
Q98929442,Kryptopithecus gimlinpattersonorum
Q16529621,Australopithecus prometheus
Q1144670,Homo gautengensis
Q19121886,Homo tsaichangensis
Q205700,Trachypithecus pileatus
Q976397,Trachypithecus shortridgei
Q1144328,Trachypithecus obscurus
Q1206315,Trachypithecus laotum
Q425601,Trachypithecus auratus
Q545897,Trachypithecus francoisi
Q284104,Trachypithecus geei
Q1144310,Trachypithecus johnii
Q1202908,Trachypithecus germaini
Q20027601,Epipliopithecus vindobonensis
Q1354633,Trachypithecus barbei
Q140545,Ankarapithecus meteai
Q155399,Rungwecebus kipunji
Q368754,Trachypithecus cristatus
Q681546,Trachypithecus delacouri
Q929055,Trachypithecus poliocephalus
Q692268,Trachypithecus phayrei
Q518364,Trachypithecus vetulus
